タイトル(差分名),発狂難易度,判定ランク,クリアタイプ,スコアランク,EXスコア,perfect,great,good,bad,poor,maxcombo,最小BP,プレイ回数,スコアレート
SunnyShinyRing -Another-,★1,EASY,FC,AAA,2802,1279,244,7,0,6,1530/1530,6,91,91.57
星の器〜STAR OF ANDROMEDA (ANOTHER),★1,EASY,FC,AAA,3919,1916,87,1,2,2,2006/2006,1,68,97.68
Air ANOTHER,★2,EASY,FC,AAA,3555,1688,179,3,0,2,1870/1870,2,50,95.05
約束 -HappyHyperStarmiX- (虎の穴),★1,EASY,FC,AAA,4021,1969,83,3,1,3,2056/2056,1,74,97.79
aliceblue (Radio Edit) (SP EX),★1,NORMAL,FC,AAA,3058,1390,278,26,4,12,1700/1700,2,24,89.94
Arcadia -★1-,★1,EASY,FC,AAA,3119,1470,179,1,0,3,1650/1650,3,40,94.52
Imperishable Night 2006 -SP ANOTHER-,★3,EASY,Hard,AAA,3824,1823,178,3,1,1,1978/2006,2,47,95.31
☆ twinklesky ☆ _12 虎のANOTHER,★1,EASY,Hard,AAA,3492,1608,276,12,3,32,979/1922,18,51,90.84
X (AFOTHER),★4,EASY,Hard,AAA,5015,2342,331,8,3,4,855/2685,7,14,93.39
the sorrow of the islands (7keys:maniac),★3,NORMAL,Hard,AAA,3378,1546,286,41,5,11,1101/1887,21,8,89.51
searoad tracks =side blue=,★2,NORMAL,Hard,AAA,3962,1830,302,68,20,7,1033/2222,24,9,89.15
恋わずらい -shiny party floor- maniac,★1,EASY,Hard,AAA,2243,1004,235,13,0,11,843/1257,11,11,89.22
Armais (u7),★1,EASY,FC,AAA,2412,1183,46,0,1,2,1231/1231,0,71,97.97
Bird Sprite -D.K.R. mix- (虎のanother),★1,NORMAL,FC,AAA,2802,1273,256,18,0,3,1547/1547,3,25,90.56
Quark,★4,NORMAL,Hard,AAA,2915,1385,145,9,1,1,1508/1541,2,11,94.58
Eleventh Hour (time limit soon! mix) [29Another],★1,NORMAL,FC,AAA,3003,1412,179,19,0,0,1610/1610,0,56,93.26
ハルトマンの妖怪少女～VirusⅤ [ANOTHER],★1,NORMAL,FC,AAA,2553,1212,129,15,1,2,1357/1357,3,30,94.07
Liberte-SuperSaw Epic mix- -ANOTHER-,★4,NORMAL,FC,AAA,3197,1511,175,14,2,1,1703/1703,0,10,93.86
A.S.D.F [EX],★4,NORMAL,Hard,AA,2927,1320,287,57,10,11,576/1677,21,34,87.27
cadence [29Another],★4,EASY,Hard,AAA,3677,1716,245,9,4,6,693/1976,10,4,93.04
Party 4U (AFOTHER),★4,NORMAL,Hard,AAA,2987,1374,239,20,2,0,1620/1635,1,37,91.35
★SweeT DiscoverY★ (虎のANOTHER),★4,NORMAL,Hard,AAA,4423,2023,377,51,17,26,912/2471,43,20,89.5
wilis -SABUN-,★4,NORMAL,Hard,AA,2360,1065,230,50,3,5,594/1352,9,10,87.28
Ultramarine [Ultra(7)],★4,NORMAL,Hard,AAA,3302,1554,194,23,4,3,1758/1775,7,6,93.01
SEPIA -EX色-,★4,NORMAL,Hard,AAA,2663,1219,225,37,3,8,552/1486,11,12,89.6
Mirai (busy),★3,EASY,FC,AAA,3616,1724,168,2,1,5,1896/1896,0,15,95.36
Faceless Moon (Dante Must Die!),★1,EASY,FC,AAA,2519,1211,97,3,0,6,1311/1311,4,28,96.07
ゲルニカの壁 [EX7],★1,NORMAL,FC,AAA,2585,1176,233,22,8,26,1441/1441,3,31,89.69
X (虎のANOTHER),★1,EASY,FC,AAA,3774,1800,174,13,0,0,1987/1987,0,11,94.97
FELYS (虎のANOTHER),★1,EASY,FC,AAA,2849,1336,177,7,0,3,1520/1520,3,37,93.72
supersoulsimulator (kei-another 7),★1,EASY,FC,AAA,3283,1523,237,12,0,5,1772/1772,4,33,92.64
ブクレシュティの人形師 -GIL-,★1,EASY,Hard,AAA,2165,1007,151,25,10,17,600/1200,18,12,90.21
In a dream (MANIAC),★2,EASY,FC,AAA,3168,1502,164,5,3,5,1676/1676,3,7,94.51
happy century 虎のANOTHER,★1,EASY,Hard,AAA,4051,1865,321,25,8,19,609/2226,24,11,90.99
Eclisse [29Another],★4,EASY,Hard,AAA,4221,1966,289,11,2,10,1199/2274,12,5,92.81
J2U (crazy remix 7AFOTHER),★3,NORMAL,Hard,AAA,3579,1685,209,10,3,3,1296/1907,6,27,93.84
Jade Star [alternative],★3,NORMAL,FC,AAA,2426,1119,188,28,0,2,1335/1335,2,3,90.86
AcceptAdvent-Border of Life- (★1),★1,NORMAL,FC,AAA,3020,1384,252,24,0,1,1660/1660,1,71,90.96
物怪舞踏 [29Another],★3,EASY,Hard,AAA,3999,1901,197,4,1,1,1393/2103,2,4,95.08
Lapis [Another+],★2,NORMAL,FC,AAA,3165,1458,249,18,0,0,1725/1725,0,23,91.74
Over the Sky [ANOTHER7],★3,NORMAL,Hard,AAA,3279,1497,285,34,3,7,1108/1821,10,12,90.03
Act #000000 (short),★3,NORMAL,Hard,AAA,2751,1276,199,17,4,5,1479/1500,4,10,91.7
Lostlove -BMS ver. another-,★3,NORMAL,Hard,AAA,3077,1473,131,13,3,11,1492/1622,4,26,94.85
x-Aria -虎之another-,★3,NORMAL,Hard,AAA,4814,2204,406,47,6,14,1720/2672,14,30,90.08
夜桜 -十六分咲き-,★3,NORMAL,Hard,AAA,3246,1507,232,24,1,7,1458/1767,8,9,91.85
Wasabi 激辛,★1,EASY,FC,AAA,2482,1187,108,5,1,3,1302/1302,4,34,95.31
Bird Sprite -D.K.R. mix- (afother),★3,NORMAL,FC,AAA,3163,1467,229,15,0,0,1711/1711,0,10,92.43
Air ANOTHER+,★3,EASY,FC,AAA,3939,1837,265,7,0,2,2109/2109,2,3,93.39
night starter Another,★3,EASY,Hard,AAA,2936,1398,140,3,1,6,1524/1542,7,26,95.2
★LittlE HearTs★ (虎の穴),★4,EASY,FC,AAA,3756,1780,196,24,0,1,2000/2000,1,10,93.9
LOVE☆BEAM (orange summer mix),★8,EASY,Hard,AAA,3638,1740,158,7,3,3,1825/1910,6,13,95.24
J219 (AFOTHER),★1,EASY,Hard,AAA,1804,867,70,5,4,5,849/946,7,56,95.35
おでんぱ☆ラヴガール -BMS EDIT- [Kei-Another7 +],★3,EASY,Hard,AAA,4128,1971,186,11,1,9,1801/2171,10,12,95.07
"ROTTELER'S HOME ""seven eduardo edit""",★3,EASY,Hard,AAA,3231,1516,199,9,8,8,982/1735,16,25,93.11
東の国のFLYING PAPARAZZI！ -Lunatic-,★3,EASY,FC,AAA,3239,1539,161,7,2,6,1710/1710,3,21,94.71
Midnight Driving -air mix-,★2,NORMAL,FC,AAA,3498,1618,262,17,2,5,1900/1900,6,8,92.05
"REWD ""B159 mix"" // (kei another7)",★2,EASY,FC,AAA,3285,1593,99,2,0,4,1694/1694,4,77,96.96
Rainy Season -ex7-,★1,NORMAL,FC,AAA,4007,1807,393,29,0,1,2229/2229,1,15,89.88
theme of Maia -maniac-,★4,EASY,Hard,AAA,2726,1264,198,10,1,18,558/1485,19,17,91.78
その斯くも美しき紅に (EX),★3,NORMAL,FC,AAA,3086,1451,184,14,0,0,1649/1649,0,7,93.57
桜華月 ウルトラセブン,★3,NORMAL,Hard,AAA,3008,1377,254,25,4,6,724/1662,10,9,90.49
Ruriko FINAL (7KEYS) EX2,★1,NORMAL,FC,AAA,4059,1940,179,16,5,9,2144/2144,3,98,94.66
Romancing Sa･Ga3 ラストバトル RockArrange (虎のANOTHER),★2,NORMAL,FC,AAA,5967,2811,345,19,0,3,3175/3175,3,56,93.97
"Little ""Sister"" Bitch",★2,EASY,FC,AAA,3460,1674,112,4,0,4,1790/1790,4,21,96.65
G.N. [N],★6,NORMAL,Hard,AA,3270,1403,464,103,15,42,528/2000,46,10,81.75
斧と盾 [7key_hard],★3,EASY,Hard,AAA,3993,1833,327,42,11,8,803/2218,19,9,90.01
qriving plare,★2,NORMAL,Hard,AAA,2155,985,185,25,6,8,715/1203,12,9,89.57
affected (ANOTHER7),★3,NORMAL,Hard,AAA,3139,1442,255,37,6,7,741/1743,12,11,90.05
HAMMER the TANGRAM　（苦しさアナザー満天の星空）,★2,NORMAL,FC,AAA,2882,1352,178,24,0,1,1554/1554,1,19,92.73
東の国のFLYING PAPARAZZI！ -ANOTHER-,★2,EASY,FC,AAA,3646,1792,62,3,1,1,1858/1858,2,47,98.12
A c i - L - A,★3,EASY,Hard,AAA,4347,2020,307,31,4,3,1245/2362,7,41,92.02
la noche (AFOTHER),★6,NORMAL,Hard,AAA,4034,1821,392,42,7,12,1367/2266,19,30,89.01
Angelic layer -ANOTHER-,★4,EASY,FC,AAA,3930,1845,240,3,0,0,2088/2088,0,4,94.11
aliceblue (Radio Edit) (SP EX+),★4,NORMAL,FC,AAA,3476,1612,252,19,0,4,1883/1883,4,4,92.3
Lostlove - maniac -,★6,NORMAL,Hard,A,2656,1086,484,126,16,27,451/1718,43,1,77.3
Love's Rebirth '06 -7another-,★7,NORMAL,Hard,AAA,3764,1748,268,34,1,2,1969/2051,3,9,91.76
ピアノ協奏曲第1番 月光条例,★12,NORMAL,Hard,AA,2565,1174,217,40,20,25,431/1460,29,27,87.84
あめふりこねこ (AFOTHER),★4,NORMAL,Hard,AAA,3783,1737,309,24,2,5,1147/2075,7,13,91.16
Free Hand zero [ANOTHER],★2,EASY,Hard,AAA,3399,1577,245,4,0,5,1142/1827,5,77,93.02
duty,★1,EASY,Hard,AAA,2750,1254,242,30,7,21,694/1536,19,27,89.52
千年女王 [Hyper],★9,EASY,Hard,AA,3205,1315,575,79,23,33,556/2002,56,37,80.04
Full of Tears -full-,★2,EASY,FC,AAA,2782,1328,126,10,2,3,1466/1466,5,23,94.88
Plasma Strike (small-boss7),★3,EASY,Hard,AAA,3652,1662,328,42,8,18,896/2050,26,30,89.07
subconsciousness - another+ -,★3,EASY,FC,AAA,3923,1925,73,2,0,3,2000/2000,3,72,98.08
la noche (end of mix),★？,EASY,Hard,AA,4543,2001,541,77,25,36,847/2661,61,36,85.36
That's the style!! (7key:Maniac),★4,EASY,FC,AAA,3322,1589,144,4,0,4,1737/1737,4,17,95.62
Odin [Black_Another],★5,EASY,Hard,AAA,4620,2218,184,7,5,6,1697/2414,7,27,95.69
A BEAUTIFUL WINGS -Extra7-,★3,EASY,FC,AAA,3332,1619,94,3,0,3,1716/1716,2,26,97.09
une fleur [EXTRA],★2,NORMAL,FC,AAA,2354,1133,88,3,0,0,1224/1224,0,40,96.16
Super Mario Brothers Main Theme [29Another],★3,EASY,Hard,AAA,3896,1841,214,5,4,12,741/2067,11,17,94.24
baby blue blanket -AAnother-,★2,NORMAL,FC,AAA,3023,1399,225,21,0,1,1645/1645,1,10,91.88
world devoid of you (fairydust radio edit // SP Another+),★2,EASY,FC,AAA,4123,1957,209,5,0,2,2171/2171,2,13,94.96
Memories of Sky-CoolDownMIX- [7another],★2,EASY,FC,AAA,3147,1506,135,3,4,8,1649/1649,0,26,95.42
モリオンの姫 [INSANE],★5,EASY,Hard,AAA,3865,1873,119,6,1,4,1283/1999,5,24,96.67
Mirage Garden [ANOTHER],★1,EASY,Hard,AAA,3731,1741,249,6,3,13,1194/2000,16,34,93.28
Messier 333 (ANOTHER7),★7,NORMAL,Hard,AA,3905,1675,555,103,18,44,546/2364,55,13,82.59
Dream Rocket* [for Rea'ju],★1,EASY,FC,AAA,2970,1424,122,3,0,3,1550/1550,1,15,95.81
Papyrus (Maniac),★2,NORMAL,Hard,AAA,3931,1841,249,27,4,3,1425/2121,7,22,92.67
Auston (7another),★5,EASY,Hard,AAA,3643,1743,157,11,3,9,1440/1916,12,11,95.07
DRAGONLADY (7keyEX),★4,EASY,Hard,AAA,2234,1045,144,14,6,13,408/1216,12,10,91.86
Evangelize (Radio Edit) [PLANET],★1,EASY,FC,AAA,3380,1614,152,3,1,2,1770/1770,2,13,95.48
Wicked plot [N],★4,NORMAL,Hard,AAA,3555,1602,351,35,10,7,646/1999,17,20,88.92
夜明けの少女たち [Another+],★2,NORMAL,FC,AAA,2710,1321,68,4,0,1,1393/1393,1,45,97.27
BABYLON [7Extreme],★2,EASY,FC,AAA,2876,1404,68,2,0,0,1474/1474,0,19,97.56
AltMirrorBell Another,★1,EASY,Hard,AAA,3073,1400,273,22,3,6,987/1700,9,33,90.38
AltMirrorBell MX,★4,EASY,Hard,AA,3475,1554,367,62,10,19,736/2000,27,11,86.88
Pure Ruby -JUNK7-,★4,EASY,FC,AAA,3029,1454,121,1,0,0,1576/1576,0,16,96.1
エピトゥリカの祀 [Black-A.2],★1,EASY,FC,AAA,3513,1615,283,13,0,2,1912/1912,2,30,91.87
Magical Love Words (Maniac),★4,EASY,FC,AAA,3894,1864,166,1,0,1,2031/2031,1,79,95.86
Aihana(Radio Edit) [SADISTIC],★4,EASY,Hard,AAA,3541,1645,251,18,4,7,948/1919,11,10,92.26
Durandal -Magical Freezing- (Radio Edit) [PLANET],★4,NORMAL,Hard,AAA,3215,1511,193,24,7,2,691/1735,9,11,92.65
感情の摩天楼～PandoraBox,★3,EASY,FC,AAA,3440,1649,142,6,2,6,1800/1800,2,71,95.56
.357 Magnum [Another],★2,EASY,Hard,AAA,3541,1670,201,17,5,10,902/1899,15,6,93.23
Caixa D' Aqua,★4,EASY,Hard,AAA,3403,1562,279,25,6,21,796/1879,27,7,90.55
The Lady Is A Trump [ANOTHER],★1,EASY,Hard,AAA,3072,1399,274,18,3,20,878/1702,17,36,90.25
Faith. [SP Lunatic],★3,NORMAL,Hard,AAA,3824,1744,336,36,5,6,889/2121,11,10,90.15
Qualia [sLunatic],★3,EASY,Hard,AAA,3596,1703,190,16,7,15,1260/1919,22,16,93.69
Destined Marionette -ALIEN WORLD-,★1,EASY,FC,AAA,3447,1629,189,6,0,5,1824/1824,4,83,94.49
G.N. [B],★2,EASY,Hard,AAA,3706,1719,268,11,1,7,1345/2000,5,27,92.65
Here we go！ (TM edit),★4,EASY,Hard,AA,1885,797,291,57,16,19,458/1165,32,122,80.9
飛燕草 [BITTER],★2,EASY,FC,AAA,3476,1641,194,0,0,2,1835/1835,1,68,94.71
You're My Shining Star [PLANET],★3,NORMAL,Hard,AAA,3137,1451,235,34,4,16,1102/1727,20,9,90.82
The Ray of Sunlight <sunny>,★1,EASY,Hard,AAA,2866,1351,164,8,9,11,683/1534,20,51,93.42
Flesvelka MX,★4,EASY,Hard,AAA,4112,1943,226,8,1,10,1346/2180,11,18,94.31
Romancecar (Kukan Junkyu Edit) [7keys Another*],★4,EASY,Hard,AAA,3450,1661,128,4,5,7,868/1801,12,9,95.78
死腐乃美「彼岸花」第二～空虚偽心～赤紅 [Lycoris],★3,EASY,Hard,AAA,2647,1256,135,4,3,3,1059/1400,8,27,94.54
ERIS MX,★1,EASY,FC,AAA,3084,1496,92,5,0,7,1593/1593,5,24,96.8
elegante [Another Plus+],★3,EASY,Hard,AAA,3311,1563,185,12,1,6,1475/1762,7,10,93.96
風仁雷仁 (EX),★3,EASY,FC,AAA,2450,1102,246,4,0,5,1352/1352,5,5,90.61
おどれフルファイアー,★5,EASY,Hard,AAA,4202,1990,222,9,0,5,2207/2222,5,23,94.55
ZEUS [Another+],★6,EASY,Hard,AAA,3235,1495,245,20,2,9,923/1763,11,9,91.75
kyrka [Extra],★4,NORMAL,Hard,AAA,1934,903,128,25,5,4,713/1064,9,31,90.88
started [7key/Ex],★3,NORMAL,FC,AAA,2388,1083,222,26,0,2,1331/1331,2,8,89.71
CHERRY DOLL (Imperial Rose),★3,NORMAL,Hard,AAA,3198,1533,132,18,4,8,779/1689,11,13,94.67
DANJIRI - Spanking Mix - [Hyper],★2,EASY,FC,AAA,2569,1214,141,15,2,14,1379/1379,5,38,93.15
Canon (blazing summer mix) [EXTRA],★1,EASY,FC,AAA,3171,1562,47,0,1,3,1610/1610,1,85,98.48
Loki [7ANOTHER],★2,EASY,FC,AAA,3697,1703,291,6,0,3,2000/2000,3,10,92.42
エストポリス伝記II 〜バトル#2〜 (SP BLACK ANOTHER),★4,NORMAL,Hard,AAA,4203,2022,159,5,22,11,701/2210,33,8,95.09
Love & Justice [AFOTHER],★4,EASY,Hard,AAA,3463,1595,273,9,0,3,1557/1878,3,34,92.2
HAPPY☆LUCKY☆BABY -UNHAPPY-,★2,EASY,FC,AAA,3393,1642,109,3,4,2,1758/1758,3,45,96.5
fragment of tears [ANOTHER],★2,EASY,Hard,AAA,3378,1624,130,4,1,11,790/1763,6,76,95.8
Parousia [HARD],★1,EASY,FC,AAA,2881,1296,289,15,0,17,1600/1600,8,48,90.03
conflict [EX-HARD],★6,EASY,Hard,AAA,4048,1849,350,30,14,27,1085/2254,22,10,89.8
SOLROS [MX],★2,EASY,Hard,AAA,3233,1528,177,4,1,2,1536/1710,3,42,94.53
Ocean Memory [Rea'du],★3,EASY,FC,AAA,3054,1456,142,4,1,9,1606/1606,2,9,95.08
地球塔デヴォーション,★1,EASY,Hard,AAA,2871,1323,225,10,2,11,1326/1562,9,20,91.9
煉獄-Purgatorium- [HYPER],★3,EASY,Hard,AAA,3668,1702,264,11,2,11,1294/1986,13,10,92.35
HOOKER [7_ex],★2,EASY,Hard,AAA,3324,1574,176,8,2,3,1631/1760,5,18,94.43
Cross Galaxy [HARD],★2,EASY,FC,AAA,3864,1820,224,4,0,0,2048/2048,0,15,94.34
Act Beloved [SP EX],★4,EASY,Hard,AAA,4445,2033,379,17,4,12,1015/2437,16,5,91.2
Childie Sharp [HyperWeapon],★4,EASY,Hard,AAA,3569,1748,73,5,1,10,1823/1830,1,59,97.51
CG901B -7EX-[Short Ver.]BGA+,★1,NORMAL,FC,AAA,2867,1316,235,20,6,12,1581/1581,4,34,90.67
Freja [SP ANOTHER],★2,NORMAL,Hard,AAA,2978,1358,262,42,6,8,724/1670,14,15,89.16
Akasagarbha  └(┐┘)┌,★1,EASY,FC,AAA,2740,1248,244,8,0,4,1500/1500,4,8,91.33
幽雅に咲かせ、墨染の桜 [biginner],★2,EASY,Hard,AAA,3808,1737,334,11,5,8,1163/2090,13,26,91.1
Cynthia (7-EX),★2,EASY,FC,AAA,2579,1225,129,0,0,3,1356/1356,2,40,95.1
beyond the limit -7keyex-,★4,NORMAL,Hard,AAA,3778,1755,268,36,5,5,1361/2065,10,8,91.48
F -Extra-,★3,NORMAL,Hard,AAA,2690,1227,236,25,7,14,485/1500,16,20,89.67
FREEDOM DiVE [k 7],★4,EASY,Hard,AAA,4088,1852,384,28,5,9,1034/2274,14,9,89.89
omega iii - beyond the flare (7kitty),★4,NORMAL,Hard,AAA,3443,1604,235,42,4,6,1150/1886,10,21,91.28
Velaciela -damepo7-,★2,NORMAL,Hard,AAA,3026,1419,188,20,3,4,1139/1630,7,17,92.82
四十五年ノ雪桜 [Another+],★2,NORMAL,FC,AAA,3861,1863,135,7,0,1,2005/2005,1,69,96.28
sensitive (虎のANOTHER),★2,EASY,FC,AAA,3666,1732,202,6,1,1,1941/1941,2,16,94.44
L9 -落とし穴 perfect edition-,★3,EASY,Hard,AAA,2861,1367,127,3,1,2,1491/1498,3,18,95.49
G e n g a o z o _ A F O,★4,NORMAL,Hard,AAA,5638,2603,432,24,3,12,850/3067,15,12,91.91
G e n g a o z o _ E X,★4,NORMAL,Hard,AAA,4793,2248,297,13,3,3,781/2562,6,13,93.54
AutumnBreeze (kei-another),★4,NORMAL,Hard,AA,2767,1224,319,41,1,5,1131/1587,6,12,87.18
RiZE UP (Dif),★1,EASY,FC,AAA,3532,1637,258,5,0,2,1900/1900,2,12,92.95
linear umbra [SP-RX INSANE],★4,EASY,FC,AAA,2581,1243,95,4,1,1,1343/1343,2,14,96.09
雪月夜鐘 -Monsther-,★4,EASY,FC,AAA,3595,1759,77,0,0,0,1836/1836,0,33,97.9
High-Priestess [HYPER],★2,EASY,FC,AAA,3287,1531,225,6,0,3,1762/1762,3,70,93.27
ΔΔ [Another+],★3,EASY,Hard,AAA,3350,1566,218,10,1,6,1087/1795,6,34,93.31
月と狼と砂糖菓子 -Cookie-,★2,EASY,Hard,AAA,3054,1445,164,17,13,15,724/1644,21,120,92.88
Aeventyr [MX],★2,EASY,FC,AAA,3374,1559,256,7,0,3,1822/1822,3,8,92.59
Valedict,★1,EASY,FC,AAA,2852,1362,128,7,0,3,1497/1497,3,42,95.26
Lieselotte  [INSANE],★4,EASY,Hard,AAA,3248,1558,132,4,10,6,529/1706,16,4,95.19
Toki [ClockWise],★2,EASY,FC,AAA,3295,1557,181,2,1,1,1741/1741,2,41,94.63
宇宙のMI'Sキッチン [EX7],★5,EASY,Hard,AAA,3278,1524,230,33,7,19,849/1800,26,6,91.06
Ray of Moonlight [BGA ON],★2,EASY,FC,AAA,3885,1870,145,0,0,2,2015/2015,2,24,96.4
BB BLOW (7key another),★1,NORMAL,FC,AAA,3364,1623,118,7,3,2,1751/1751,4,57,96.06
Everblue [7key Sabother],★2,EASY,FC,AAA,3438,1585,268,10,5,9,1870/1870,0,6,91.93
Fading Star [HARD],★2,EASY,FC,AAA,3156,1492,172,4,1,3,1670/1670,4,19,94.49
Kronos (EX),★3,EASY,Hard,AAA,3380,1637,106,7,2,4,1742/1752,6,11,96.46
Re: Shinin' Queen -Hi-,★1,EASY,FC,AAA,3274,1544,186,5,1,6,1736/1736,4,85,94.3
サンバランド [POROTHER],★4,EASY,Hard,AAA,4157,1928,301,14,1,11,2026/2246,12,11,92.54
Mario Paint (Time Regression Mix for BMS) [ANOTHER],★2,EASY,Hard,AAA,3581,1756,69,5,3,11,1392/1838,2,32,97.42
PCM (7 another),★2,EASY,FC,AAA,3057,1413,231,6,0,4,1650/1650,4,25,92.64
点、線、面、立体 [SP ANOTHER+],★1,EASY,FC,AAA,3636,1750,136,4,2,7,1894/1894,3,12,95.99
Calamity Fortune [F],★4,EASY,FC,AAA,3393,1540,313,6,0,3,1860/1860,3,25,91.21
Elina (feat. Reislaufer) [HARD],★1,EASY,FC,AAA,3005,1384,237,9,0,5,1632/1632,2,30,92.06
"rough [7key,Another]",★4,EASY,Hard,AAA,3629,1711,207,10,11,9,1716/1941,6,14,93.48
Debut -SABOTHER-,★3,EASY,Hard,AAA,3958,1888,182,8,2,8,1899/2080,10,33,95.14
Supernova [Another+],★2,EASY,FC,AAA,3499,1694,111,2,1,1,1808/1808,2,10,96.76
"JULIAN ""for B.O.F. 2009"" [SP-RX INSANE]",★1,EASY,FC,AAA,2883,1381,121,0,0,5,1502/1502,2,123,95.97
8th:Planet [SP ANOTHER+],★3,EASY,FC,AAA,3113,1476,161,10,0,2,1647/1647,2,3,94.51
fragments J-CoreRemix[HeavyRain],★1,EASY,FC,AAA,3038,1447,144,3,2,6,1600/1600,1,58,94.94
Doppelganger [ANOTHER],★5,EASY,Hard,AAA,3622,1661,300,22,9,17,535/2000,26,38,90.55
特効薬はカニピラフ (KANITHER),★4,EASY,FC,AAA,3287,1511,265,5,0,3,1781/1781,3,25,92.28
STAGER [7_Success],★3,EASY,Hard,AAA,3361,1586,189,5,1,7,1390/1782,8,6,94.3
Caelumize [SP Cloudy],★1,EASY,FC,AAA,2755,1297,161,6,2,5,1466/1466,2,75,93.96
cold planet [F],★3,EASY,FC,AAA,3163,1487,189,4,0,3,1680/1680,3,26,94.14
DESPERATE -fatal-,★4,EASY,Hard,AAA,3730,1743,244,9,3,6,750/2001,9,8,93.2
-+ [dy/dx],★5,EASY,Hard,AAA,2631,1239,153,6,4,14,705/1408,18,6,93.43
fragments J-CoreRemix [E],★5,EASY,FC,AAA,3173,1498,177,5,0,0,1680/1680,0,54,94.43
GIN TONIC FLAVOR [aspER7],★4,EASY,Hard,AA,3293,1512,269,45,15,26,546/1856,35,22,88.71
PrayStation [HARD],★3,EASY,Hard,AAA,2664,1259,146,12,4,11,936/1423,15,20,93.61
PLASTIC GIRLS (ft. Seorryang) [Stripe],★5,EASY,FC,AAA,3208,1525,158,5,2,2,1690/1690,4,18,94.91
B.B.K.K.B.K.K. (toidi),★3,EASY,FC,AAA,3485,1690,105,2,5,4,1802/1802,4,33,96.7
NewGamePlus [Good old game],★1,EASY,FC,AAA,2867,1382,103,2,2,3,1489/1489,4,34,96.27
雪解け色フラワーズ [Defrost],★3,EASY,FC,AAA,2937,1404,129,3,0,3,1536/1536,3,13,95.61
88D [小さい],★3,EASY,Hard,AAA,3694,1730,234,12,1,13,1294/1979,14,9,93.33
Amusing Night Party. [Panic],★2,EASY,FC,AAA,3292,1508,276,4,0,7,1788/1788,7,8,92.06
ベストフレンド［smiling］,★5,EASY,FC,AAA,2908,1426,56,3,1,2,1486/1486,3,48,97.85
Crossover (Chain mix),★1,EASY,FC,AAA,2958,1359,240,1,0,7,1600/1600,7,15,92.44
Scorpion Dance [INSANE],★1,EASY,FC,AAA,3442,1644,154,2,0,4,1801/1801,4,27,95.56
BRILLIANT STAR ～煌星の雫～ [WHITE ANOTHER],★2,EASY,Hard,AAA,3518,1684,150,3,0,3,1812/1838,3,42,95.7
Poison AND÷OR Affection [INSANE],★3,EASY,Hard,AAA,3398,1593,212,13,2,14,743/1828,16,16,92.94
恋の2-4-11(BMS Edit) -改-,★2,EASY,FC,AAA,4222,2047,128,6,4,2,2185/2185,4,69,96.61
Blink [SP BLACK ANOTHER],★2,EASY,FC,AAA,3386,1593,200,3,0,3,1796/1796,3,9,94.27
kindly breeze [ELITHER],★3,EASY,FC,AAA,3773,1780,213,5,1,8,2000/2000,0,12,94.33
TURNDOWN [F],★4,EASY,Hard,AAA,3230,1499,232,11,5,14,778/1750,19,15,92.29
Dstorv [false_fix],★4,EASY,Hard,AAA,3061,1400,261,20,5,18,961/1696,23,12,90.24
CYCLONE [EX],★1,EASY,FC,AAA,3339,1590,159,6,1,3,1757/1757,2,45,95.02
Dance Doll Dream [puppet],★4,EASY,Hard,AAA,4195,2046,103,1,1,2,1874/2151,3,40,97.51
僕たちの旅とエピローグ。,★2,EASY,FC,AAA,2723,1246,231,17,1,6,1495/1495,5,68,91.07
Espresso Shots [convert],★1,EASY,FC,AAA,3075,1449,177,1,0,11,1627/1627,10,73,94.5
Starry Fate (Dif),★3,EASY,Hard,AAA,4110,1988,134,2,4,5,1909/2131,8,79,96.43
GOODMEN [踏十里駅から徒歩10分],★7,EASY,Hard,AAA,4272,2056,160,5,0,4,1966/2222,4,32,96.13
アナログ横丁 [nova],★2,EASY,FC,AAA,3547,1706,135,9,0,4,1850/1850,4,27,95.86
Lucid Dreaming [ExHard],★1,EASY,FC,AAA,2470,1138,194,2,2,7,1338/1338,7,65,92.3
FirmamenT,★4,EASY,Hard,AAA,3501,1626,249,14,4,12,1534/1894,16,4,92.42
MilK [Low Fat],★2,EASY,FC,AAA,3223,1517,189,2,0,5,1708/1708,5,22,94.35
タイヨウパラダイス(Lemon beads J-core bootleg) [Les Deux Chattes],★3,EASY,FC,AAA,4477,2163,151,3,3,2,2320/2320,3,36,96.49
Reason of being [K.S-ANOTHER],★2,EASY,FC,AAA,3026,1419,188,3,0,3,1610/1610,3,36,93.98
RE:START [ZOI],★2,EASY,FC,AAA,3713,1788,137,10,0,3,1935/1935,1,23,95.94
Jasmine Tea Girl [ZOI],★2,EASY,FC,AAA,3592,1731,130,3,2,5,1866/1866,3,16,96.25
HAELEQUIN [EX],★7,EASY,Hard,AA,3759,1577,605,54,14,30,802/2259,44,3,83.2
Crescent Edge MX,★5,EASY,Hard,AAA,2938,1309,320,15,3,9,931/1650,12,4,89.03
sensitive (AFOTHER),★5,EASY,Hard,A,3425,1359,707,107,22,38,312/2210,60,4,77.49
"ピアノ協奏曲第１番""蠍火""（なんでも吸い込むピンク色のための）",★9,EASY,Hard,AA,4007,1717,573,52,17,37,1210/2366,54,19,84.68
ERIS （Another+）,★9,EASY,Hard,AA,3482,1499,484,37,12,26,643/2043,36,13,85.22
Tuk Tuk Boshi [7keys Crescent],★12,EASY,Hard,AA,4465,2025,415,44,20,16,1078/2513,36,12,88.84
Yakumo >>JOINT STRUGGLE -隙間-,★16,EASY,Hard,AA,4829,2136,557,90,26,33,490/2820,59,16,85.62
ＤＱⅢ　Battle -Normal-,★9,NORMAL,FC,AA,2475,1096,283,43,0,2,1422/1422,2,66,87.03
Dandelion Sparkle!! [FB],★9,EASY,Hard,AAA,3566,1650,266,18,3,9,545/1946,12,35,91.62
ちんこ音頭2012 [sabunnn],★10,EASY,Hard,AAA,3853,1848,157,5,0,13,1522/2014,13,13,95.66
Harmony (*｡> × <｡*人) ☆ﾟ.*･｡ﾟ,★10,EASY,Hard,AAA,3311,1520,271,18,13,26,595/1832,38,10,90.37
Rainy [Runother],★10,EASY,Hard,AAA,3491,1595,301,7,3,11,893/1910,14,9,91.39
HARDCORE MACHINEGUN [drrrTHER],★11,EASY,Hard,AA,2912,1190,532,69,11,56,444/1814,67,5,80.26
"%E3%83%96%E3%83%B3%E3%82%BF%E3%83%B3 ～Falling in ""B"" mix～ (樹海)",★11,EASY,Hard,AA,2675,1151,373,54,13,30,332/1605,43,24,83.33
Rosario -another story- (busy),★5,EASY,Hard,AAA,5339,2525,289,7,3,3,2323/2825,6,20,94.5
All is fair in Rage [ZOI],★5,EASY,Hard,AAA,4094,1931,232,15,5,21,544/2192,26,6,93.39
volcanic -vaporize-,★5,EASY,Hard,AAA,4712,2269,174,6,1,1,2029/2450,2,8,96.16
Xecus [Maniac],★5,EASY,FC,AAA,3836,1816,204,5,0,1,2025/2025,1,17,94.72
彼女の言い分 -ﾋﾟｺﾋﾟｺedit- [だって～でも],★5,EASY,Hard,AAA,3240,1456,328,11,1,2,1554/1797,3,15,90.15
res extensa [ANOTHER],★8,EASY,Hard,AA,3592,1553,486,47,7,21,703/2105,28,30,85.32
5.1.1(ReMix) [Afother],★6,NORMAL,Hard,AA,3167,1405,357,68,14,9,743/1851,23,18,85.55
アズール リミックス -damepo7-,★6,NORMAL,Hard,AAA,3079,1415,249,26,9,4,813/1700,13,15,90.56
square and breaks -collapse-,★5,EASY,Hard,AAA,3205,1431,343,15,4,20,608/1800,24,5,89.03
Angelic layer　 〜Reincarnation〜,★5,NORMAL,Hard,AA,3295,1427,441,108,18,18,727/2000,36,2,82.38
SHI☆O☆KA☆RA [Splatoon],★5,EASY,Hard,AAA,3051,1447,157,3,13,11,860/1622,24,18,94.05
The Island of Albatross [EXTRA],★5,EASY,Hard,AA,3310,1368,574,72,16,25,333/2034,41,1,81.37
覚醒フィールド -A.T.フィールド-,★5,EASY,Hard,AAA,3987,1829,329,25,10,17,671/2202,27,2,90.53
oceanbird [benefic7],★5,EASY,Hard,AAA,4256,1906,444,27,10,17,756/2393,27,1,88.93
THE ONE [EX],★5,EASY,Hard,AAA,3466,1600,266,13,6,10,553/1892,16,5,91.6
春色小径 ～ Colorful Path -lunatic7-,★5,EASY,Hard,AA,3988,1683,622,88,21,24,838/2427,46,2,82.16
Dai-katsugeki〔AMAZE Remix〕 [ZOI],★5,EASY,Hard,AAA,4320,2065,190,13,6,13,887/2278,19,8,94.82
MASAMUNE [三日月],★5,EASY,Hard,AAA,3575,1718,139,1,1,3,1351/1860,4,21,96.1
LOVE THIS MOMENT [ManiaK],★5,EASY,Hard,AA,3336,1356,624,50,10,55,335/2050,65,1,81.37
Air -MANIAQ-,★6,EASY,Hard,AAA,4792,2190,412,23,5,9,1007/2635,14,3,90.93
Calamity Fortune [ANOTHER],★7,EASY,Hard,AAA,3748,1774,200,12,4,12,910/2000,16,18,93.7
ETERNAL DRAIN 「第一話 発狂譜面」,★7,EASY,Hard,AAA,4163,1903,357,27,20,19,887/2314,39,7,89.95
サーカス・ギャロップ -normal-,★7,EASY,Hard,AAA,4020,1829,362,22,3,12,746/2222,15,13,90.46
Absurd Gaff [Another],★9,EASY,Hard,AAA,3829,1738,353,18,6,11,1308/2115,17,22,90.52
MooN -SP ANOTHER-,★9,NORMAL,Hard,AA,2831,1192,447,114,14,30,459/1778,40,10,79.61
Parousia [ANOTHER],★10,EASY,Hard,AA,3335,1384,567,57,6,39,506/2024,45,7,82.39
私のヒトミ [Na],★10,EASY,Hard,AAA,3643,1687,269,22,17,19,703/2000,23,34,91.08
suffruti [BLOODY FATE],★10,EASY,Hard,AAA,4257,2030,197,12,16,19,614/2261,32,10,94.14
Shade of Gloria [F],★9,EASY,Hard,AAA,4234,1924,386,22,6,20,681/2345,26,5,90.28
Luv 5 Dancer [EXHAUST],★9,EASY,Hard,AAA,3531,1617,297,28,6,15,672/1957,21,9,90.21
愛と煩悩と輪廻と常識の極彩世界 [皿と乱打と階段と縦連の同時押世界],★9,EASY,Hard,AA,4162,1806,550,47,19,51,380/2436,69,17,85.43
Funny Funky Freaky [HARD],★5,EASY,Hard,AA,2743,1208,327,53,12,36,222/1613,48,1,85.03
rainy beauty [ANOTER+],★5,EASY,Hard,AAA,3537,1644,249,30,6,8,826/1934,14,20,91.44
子午線の祀り [マナの剣],★5,EASY,Hard,AAA,3348,1556,236,19,3,6,804/1815,9,8,92.23
夜桜 -桜吹雪-,★5,NORMAL,Hard,A,2978,1203,572,189,32,35,603/2000,67,5,74.45
少女の舞葬,★5,NORMAL,Hard,AAA,3188,1448,292,42,8,8,480/1791,16,6,89.0
モノリスの園 [ミラクル],★5,EASY,Hard,AA,2960,1254,452,43,20,31,411/1769,51,9,83.66
"Red-rize ""B172 mix"" // 7keys Afother",★5,EASY,FC,AAA,3617,1712,193,2,0,3,1907/1907,3,7,94.83
Lunatic of the Full-Moon (---),★5,NORMAL,Hard,AAA,3038,1393,252,49,6,15,448/1704,21,4,89.14
YAKUI [Benzene],★5,EASY,Hard,AA,2747,1190,367,35,15,20,737/1616,35,6,84.99
Love's Rebirth '06 -7another-,★5,NORMAL,Hard,AAA,4396,1988,420,41,2,7,1858/2454,9,16,89.57
Trinity [Maniac],★5,NORMAL,FC,AAA,2520,1175,170,22,1,4,1368/1368,1,17,92.11
"Precious!!! [7key,Bonus]",★5,EASY,Hard,AA,3574,1451,672,67,13,42,286/2220,55,2,80.5
道しるべ -Lunatic-,★5,EASY,Hard,AA,2822,1171,480,60,9,36,410/1732,45,1,81.47
花鳥風月 [Crystal],★5,EASY,Hard,AA,3367,1386,595,60,13,31,657/2059,44,10,81.76
ウィリアム・テル第4部「スイス軍隊の行進」 -MANIAC-,★8,EASY,Hard,AA,3704,1556,592,55,16,38,480/2228,54,8,83.12
Remilia ～吸血鬼の為の協奏曲 [ANOTHER],★8,EASY,Hard,AA,3053,1257,539,54,17,35,486/1881,52,26,81.15
おジャ魔女でBANBAN！(Pop-mix) (くそふめん♪),★12,EASY,Hard,AAA,2766,1292,182,40,8,9,730/1527,17,66,90.57
T.S : Terminal Strike,★5,EASY,Hard,AAA,4495,2035,425,27,6,15,1497/2500,21,13,89.9
A BEAUTIFUL SKY -OB style- AFOTHER,★5,NORMAL,Hard,AA,4408,1958,492,64,3,1,1728/2518,4,5,87.53
Cosmoscape　 [kei another],★5,NORMAL,Hard,AA,3239,1378,483,123,20,19,665/2012,39,3,80.49
OAA-γ [EX],★5,NORMAL,Hard,AA,3718,1557,604,117,10,15,919/2291,25,4,81.14
Flicker [E],★5,EASY,Hard,AA,3171,1347,477,54,13,25,577/1900,38,3,83.45
Extinction and reproduction [SP Ex],★5,EASY,FC,AAA,3198,1469,260,7,0,3,1736/1736,3,3,92.11
Red -reduction division- [NANATHER],★5,EASY,Hard,AAA,4273,1994,285,7,2,1,1630/2288,3,4,93.38
Ordeal,★5,EASY,Hard,AAA,3211,1533,145,7,1,6,1469/1687,7,5,95.17
REspEcT-B.A.U MIX- EX,★5,EASY,Hard,AAA,4421,1992,437,20,4,21,681/2460,25,2,89.86
平衡世界 [Another+],★5,EASY,Hard,AAA,3523,1629,265,14,8,12,617/1920,20,3,91.74
Another Sky　 [7key/Ex],★5,EASY,Hard,AA,3095,1315,465,58,14,27,1264/1862,41,5,83.11
Atomic Bomb [㌧に捧げる譜面],★5,EASY,Hard,AAA,3247,1596,55,5,0,7,771/1658,7,21,97.92
- JUPITER - [ANOTHER++],★5,NORMAL,Hard,AA,3194,1344,506,123,12,22,530/1990,34,5,80.25
Exit (another7),★5,EASY,Hard,AA,3743,1602,539,55,17,38,486/2222,55,3,84.23
happy century AFOTHER,★5,EASY,Hard,AA,4257,1796,665,74,30,40,546/2576,70,27,82.63
織姫 -VEGA-,★5,NORMAL,Hard,AA,3514,1504,506,115,22,25,912/2156,47,7,81.49
Last! Least! Regrets!! (AFOTHER),★5,EASY,Hard,AAA,3309,1557,195,8,4,9,1037/1765,13,14,93.74
MANIERA (SABOTHER),★9,EASY,Hard,A,3917,1547,823,111,24,40,357/2520,64,26,77.72
Blue-White Crazybits [ANOTHER-],★9,EASY,Hard,AAA,3233,1447,339,13,5,9,551/1811,14,9,89.26
★LittlE HearTs★ (AFOTHER),★9,EASY,Hard,AA,3579,1481,617,78,16,30,504/2208,46,6,81.05
水晶世界 〜Fracture〜 [Insane],★10,EASY,Hard,AAA,4052,1895,262,12,7,8,855/2178,15,44,93.02
ブクレシュティの人形師 -GILEX-,★6,EASY,Hard,AA,2761,1104,553,70,15,47,375/1759,62,1,78.48
不思議の国のアリス -ALITHER-,★6,EASY,Hard,AAA,3978,1809,360,19,7,9,877/2198,16,8,90.49
カーテンコール [Encore],★6,EASY,Hard,AAA,3774,1788,198,5,8,7,1327/2000,15,8,94.35
Ｍ （さぁ、どうしようかアナザー）,★6,EASY,Hard,AA,2624,1058,508,65,18,20,375/1657,38,3,79.18
Master of GENOCIDE [ANOTHER7],★6,EASY,Hard,AAA,2922,1344,234,11,7,16,957/1602,23,3,91.2
eve solstice mix -kuso-,★6,NORMAL,Hard,AAA,3276,1489,298,25,3,2,1249/1816,5,6,90.2
亡き皇女の為のセプテット [BEGINNER],★6,EASY,Hard,AAA,3981,1833,315,7,1,3,1656/2157,4,2,92.28
Back 2 Oldskool [Dead Or Alive],★6,EASY,Hard,AAA,3394,1579,236,21,9,15,400/1850,24,6,91.73
Black Lair [INSANE],★6,EASY,Hard,AA,3477,1452,573,50,18,32,433/2099,50,1,82.83
Engine [SP Insane],★6,EASY,Hard,AAA,2953,1344,265,10,6,13,941/1630,19,3,90.58
L.D.(Rock Arrange Ver.) [HARD],★8,EASY,Hard,AAA,3883,1890,103,6,1,2,1173/2000,3,9,97.08
ZENITHALIZE -LUMINOUS-,★8,EASY,Hard,AA,4194,1863,468,31,8,26,677/2374,28,18,88.33
Candy & Baguette [SP INSANE],★8,EASY,Hard,AA,3740,1656,428,33,16,32,775/2143,34,4,87.26
夕凪の丘 -Ex-,★11,NORMAL,Hard,AAA,3423,1639,145,24,16,19,819/1829,35,24,93.58
Scorpion Dance [XERTHER],★11,EASY,Hard,AAA,3862,1754,354,38,15,44,502/2171,59,8,88.95
cold planet -Blue Marble-,★12,NORMAL,Hard,AA,3366,1481,404,100,5,13,627/2000,18,43,84.15
Ms.Naive Princess [RAFFLESIA],★12,EASY,Hard,AA,3570,1609,352,60,26,25,430/2055,51,32,86.86
Angelic Snow -extreme-,★14,NORMAL,Hard,AA,4041,1745,551,133,13,16,446/2450,29,34,82.47
squartatrice,★13,NORMAL,Hard,AA,3282,1405,472,148,22,34,647/2057,56,20,79.78
FREEDOM DiVE [EARTH],★13,EASY,Hard,AA,3931,1677,577,79,26,57,375/2379,58,18,82.62
Plastic Mind [ALITHER],★13,EASY,Hard,AA,4582,2009,564,26,10,18,712/2620,28,9,87.44
冥界帰航 (ANOTHER),★8,NORMAL,Hard,AA,3136,1305,526,145,22,18,858/2000,40,149,78.4
CHRONO TRIGGER ～世界変革の時～ [HARDEST],★11,EASY,Hard,AA,4655,1979,697,67,18,41,719/2772,59,15,83.96
LEthAl wEApOn (ANOTHER7),★6,EASY,Hard,AA,3349,1415,519,50,18,23,679/2009,41,27,83.35
FELYS EX,★6,EASY,Hard,AA,2705,1151,403,58,20,39,322/1644,59,11,82.27
G e n g a o z o _ G O D,★12,NORMAL,Hard,AA,6235,2624,987,248,41,37,488/3914,78,18,79.65
ヨッシーアイランド 「クッパ」 [7KEYS SPECIAL],★12,EASY,Hard,AA,4302,1989,324,62,28,75,650/2448,24,32,87.87
Cinderella Story -SP AMETHER-,★6,EASY,Hard,AA,3546,1464,618,98,15,21,763/2198,36,17,80.66
JUMMER (HARD+),★6,EASY,Hard,AA,2706,1194,318,26,12,12,439/1551,24,13,87.23
アズール <ANOTHER>,★7,NORMAL,Hard,AA,2541,1065,411,74,8,14,498/1559,22,14,81.49
PUPA [LAPITHER],★10,EASY,Hard,AAA,3666,1647,372,16,8,22,625/2054,30,23,89.24
Buuuuuuurstraffic [1TB],★10,EASY,Hard,AA,3033,1244,545,97,25,30,380/1915,55,13,79.19
☆ さくらなみきのかぜ ☆ foon7,★10,EASY,Hard,AA,2240,950,340,31,8,37,433/1349,43,5,83.02
End Time -Extra-,★10,NORMAL,Hard,A,3014,1233,548,190,16,23,574/2000,39,25,75.35
Halcyon [PLANETUNE],★10,EASY,Hard,AA,4163,1706,751,79,21,44,467/2570,65,6,80.99
κανων -φ-,★14,EASY,Hard,AA,3415,1397,621,52,28,44,610/2107,72,18,81.04
／^o^＼ -サファリパーク-,★12,EASY,Hard,AA,2525,1134,257,21,11,13,466/1429,16,25,88.35
dolorosa melodia [Sanctae Crucis],★12,EASY,Hard,AAA,4707,2177,353,28,6,22,758/2570,28,19,91.58
日溜りの街－あ！－ (MANIAQ),★12,EASY,Hard,AA,3179,1266,647,35,20,28,530/1980,48,18,80.28
Altale [INSANE],★12,EASY,Hard,AA,3348,1413,522,50,16,33,522/2020,49,10,82.87
gravitronicⅠ -ANOTHER-,★？,NORMAL,Hard,AA,3386,1500,386,93,29,9,1103/2013,38,22,84.1
The Beautiful Sunset of That Day(Radio Edit) -ANOTHER-,★6,NORMAL,Hard,A,2637,1096,445,136,22,18,342/1708,40,8,77.2
LABO (ANOTHER),★6,NORMAL,Hard,AA,1977,920,137,20,20,14,675/1161,37,16,85.14
Colorful Sunday (7keys:EX),★6,NORMAL,Hard,AA,2787,1186,415,101,14,19,691/1722,33,15,80.92
ねぇ？メイドさんはみんな忠実だと思う？ [SABOTHER7],★14,EASY,Hard,AA,3972,1657,658,84,24,52,466/2452,67,39,81.0
月童 - Awaking!!神奈 [KANNER],★14,EASY,Hard,AAA,4350,2019,312,20,19,21,702/2382,40,21,91.31
Cross breed -EXTRA-,★14,EASY,Hard,AA,4584,1992,600,45,25,42,573/2706,72,21,84.7
Her Majesty [Another+],★7,NORMAL,Hard,AAA,3821,1823,175,30,8,7,969/2037,15,4,93.79
the sorrow of the islands(Flow Edition) -ANOTHER-,★6,NORMAL,Hard,AA,3034,1276,482,128,28,21,327/1922,49,3,78.93
FRANTIC☆ARCADE [otogamER],★6,EASY,Hard,AA,4233,1894,445,22,17,23,428/2391,40,3,88.52
Pure Ruby [Another+],★12,EASY,Hard,AA,2975,1302,371,38,13,16,1040/1735,29,25,85.73
HAELEQUIN,★12,EASY,Hard,AA,3276,1345,586,101,17,39,790/2074,57,12,78.98
★LittlE HearTs★ (MANIAQ),★12,EASY,Hard,AA,3936,1640,656,82,17,27,545/2408,44,22,81.73
Hybrid Intermission -Hy Speed Remix- [DHMO],★6,EASY,Hard,AA,2495,1050,395,54,9,26,460/1518,35,1,82.18
"Theme of ""ULTIMATE IRIS"" [VEGA]",★6,EASY,Hard,AA,4195,1863,469,39,16,32,665/2400,48,2,87.4
ひつぎとふたご 〜狂気ノ宴〜,★7,NORMAL,Hard,AAA,3448,1612,224,44,1,12,889/1882,13,10,91.6
Satori ～3rd EyEs (bms edit) [ANOTHER],★7,EASY,Hard,AA,4033,1792,449,48,11,13,549/2307,24,72,87.41
PEACE BREAKER [ANOTHER],★7,EASY,Hard,AA,3588,1603,382,35,8,28,638/2044,36,8,87.77
Musica de Aves [windmill],★7,EASY,Hard,AAA,4968,2299,370,16,8,22,596/2700,30,5,92.0
DISCHARGE RUSH [Creation_R],★12,EASY,Hard,AAA,4171,1918,335,20,11,24,410/2298,35,33,90.75
メイドと血の懐中時計 [BEGINNER-β],★14,EASY,Hard,AA,5167,2184,799,91,30,41,410/3120,71,7,82.8
More Selfish -fickle-,★6,EASY,Hard,AA,3421,1459,503,74,23,28,891/2066,51,5,82.79
The Panorama [EX],★6,EASY,Hard,AA,3458,1454,550,68,15,31,299/2099,46,1,82.37
prohibition of world (dear a box given allll.),★6,EASY,Hard,AA,2862,1182,498,60,21,43,544/1807,52,19,79.19
年中夢中な好奇心 [ExHard],★6,EASY,Hard,AAA,4118,1932,254,23,7,7,806/2216,14,11,92.92
Jack o' Lantern [UltimateRAVE],★10,EASY,Hard,AAA,3674,1704,266,11,6,12,483/1993,18,14,92.17
Le Reve -Luminous Dream-,★11,EASY,Hard,AA,3693,1596,501,36,16,31,545/2160,47,9,85.49
SEPIA -AFOTHER-,★6,EASY,Hard,AA,2973,1290,393,49,17,23,456/1754,40,5,84.75
Blue Dragoon [Another],★6,EASY,Hard,AAA,3660,1678,304,21,5,15,846/2012,20,8,90.95
Daydreamer [SABOTHER],★6,EASY,Hard,AAA,4374,2095,184,4,5,5,1241/2292,10,11,95.42
Lapis [FRIDAY],★9,EASY,Hard,AA,3472,1537,398,39,8,22,558/2001,30,11,86.76
niKu [0209Another],★9,EASY,Hard,AA,3668,1623,422,22,9,20,434/2090,29,7,87.75
Black Lair [SPADA],★11,EASY,Hard,AA,3760,1622,516,57,23,41,339/2222,64,2,84.61
Smiling '+(人'v`●)+',★11,EASY,Hard,AAA,3944,1784,376,26,7,17,463/2200,24,15,89.64
歪んだ神 (DistorteD),★12,EASY,Hard,AA,4385,1987,411,42,15,23,729/2470,38,12,88.77
Air -EXTREME-,★12,EASY,Hard,AA,4684,1892,900,56,19,35,409/2882,54,10,81.26
"Developers, Developers, Developers, Developers! [F]",★15,EASY,Hard,AAA,4267,1902,463,22,3,21,645/2400,24,16,88.9
幸なる旋律-the solitary melody- -福音-,★16,EASY,Hard,AA,4294,1942,410,35,13,27,422/2418,40,11,88.79
furioso melodia [yumether],★16,EASY,Hard,AA,4323,1913,497,46,20,33,764/2490,53,26,86.81
Flesvelka [Resurrection],★14,EASY,Hard,AA,4620,1953,714,100,33,61,507/2809,94,9,82.24
タイヨウパラダイス(Lemon beads J-core bootleg) [STRIPE or WHITE?],★13,EASY,Hard,AAA,5131,2374,383,39,16,25,601/2828,41,19,90.72
AXION [INSANE],★9,EASY,Hard,AA,2871,1275,321,30,14,20,383/1651,34,12,86.95
5.1.1(ReMix) [ManiaQ],★8,NORMAL,Hard,AA,3422,1420,582,81,5,14,1016/2097,19,8,81.59
l'amour d'amour --- 虎のANOTHER,★6,NORMAL,Hard,AAA,4202,1921,360,67,5,16,805/2360,21,7,89.03
Trahison [E],★6,EASY,Hard,AAA,3942,1854,234,7,2,7,742/2100,9,32,93.86
Ladymade corestar (7 MAIN+),★6,EASY,Hard,AAA,4782,2277,228,12,4,7,1603/2522,8,22,94.81
★SweeT DiscoverY★ (AFOTHER),★6,NORMAL,Hard,A,3987,1615,757,189,28,43,365/2600,71,2,76.67
☆ twinklesky ☆ _13 AFOTHER,★6,EASY,Hard,AA,3326,1359,608,57,18,32,613/2054,50,95,80.96
Ascension to Heaven [EXPART],★7,EASY,Hard,AA,3065,1203,659,78,9,44,472/1967,53,5,77.91
沈んだ思い出、打ち上げて [Epic_fix],★7,EASY,Hard,AA,3121,1271,579,44,19,42,282/1930,61,2,80.85
Central GRAY (^ω^),★11,EASY,Hard,AAA,3975,1829,317,40,27,40,487/2222,45,4,89.45
before... [7key/AFOTHER],★6,NORMAL,Hard,A,3290,1339,612,175,20,24,745/2153,44,33,76.41
YASAKANI [神璽鏡剣 陰ノ勾玉],★6,EASY,Hard,A,2330,911,508,68,14,27,229/1515,41,2,76.9
Gamegame (bms edit -Lanother-),★6,EASY,Hard,AA,3610,1509,592,44,17,23,406/2175,40,2,82.99
DESIRE DRIVE (LLS HARDCORE REMIX) [SEIRYU ANOTHER],★6,EASY,Hard,AA,3093,1329,435,30,11,29,313/1820,40,1,84.97
The infant daughter Frandle's [BLACK ANOTHER],★6,EASY,Hard,AA,3430,1393,644,85,19,21,613/2150,40,1,79.77
ポケットモンスター ブラック・ホワイト 四天王戦,★11,EASY,Hard,AAA,2629,1199,231,10,4,8,577/1448,12,37,90.78
☆ さくらなみきのかぜ ☆ (plus system#4 palette style),★11,EASY,Hard,AA,3103,1345,413,36,23,26,409/1823,49,5,85.11
Strahv -Encore-,★9,EASY,Hard,AA,3400,1459,482,45,23,34,383/2015,57,6,84.37
架空ユリカゴ　 [SABOTHER],★9,EASY,Hard,AAA,3910,1869,172,10,15,16,430/2070,31,23,94.44
Forceful Beat [HYPER],★12,EASY,Hard,AA,2504,1082,340,52,20,27,349/1500,47,10,83.47
AcceptAdvent-Border of Life- (乱れ咲き),★12,EASY,Hard,AA,3939,1707,525,58,17,16,567/2316,33,27,85.04
HAPPY☆LUCKY☆BABY [Blissful],★8,EASY,Hard,AAA,3601,1765,71,2,7,10,603/1851,17,14,97.27
DENGEKI Tube [12ボルト],★7,EASY,Hard,AAA,2467,1133,201,24,13,12,726/1376,22,8,89.64
東の国のFLYING PAPARAZZI！ -Lunatic+-,★15,EASY,Hard,AA,4234,1803,628,75,35,36,477/2556,71,17,82.82
恋愛シンドローム [yumether],★14,EASY,Hard,AAA,4244,1991,262,15,9,9,772/2280,18,50,93.07
Apollo [1969.07.16],★14,EASY,Hard,AAA,4230,1963,304,27,8,23,663/2319,31,11,91.2
orion ring -IR-,★14,EASY,Hard,AAA,3564,1631,302,39,11,29,839/2000,29,7,89.1
Cynic -drrrr-,★14,EASY,Hard,AA,3955,1647,661,71,15,39,863/2408,54,42,82.12
桜華月 (A3),★7,NORMAL,Hard,AA,3098,1317,464,122,18,29,454/1930,47,51,80.26
Blooming [7key Feeling],★13,EASY,Hard,AAA,4152,1910,332,28,14,23,399/2300,37,7,90.26
High-Priestess [EXTRA],★14,EASY,Hard,AAA,4808,2206,396,24,13,11,719/2647,24,11,90.82
DRAGONLADY (7key（・３・）),★14,EASY,Hard,AA,2557,1076,405,80,15,28,525/1589,34,29,80.46
compressed eyes -kusomiso-,★12,NORMAL,Hard,A,2777,1099,579,152,22,28,489/1860,50,4,74.65
Cold Breath (Another+),★12,EASY,Hard,AA,2922,1220,482,48,11,20,388/1770,31,3,82.54
ピアノ狂騒曲第壱番「滅宴」 (another7),★7,EASY,Hard,AA,3192,1345,502,55,9,36,617/1928,45,2,82.78
.357 Magnum (EXTREME),★7,EASY,Hard,AA,3808,1649,510,74,13,38,540/2255,51,7,84.43
HE is an Energizer (7keys sarather),★7,NORMAL,Hard,AA,2233,1004,225,90,24,19,705/1348,27,24,82.83
"REWD ""B159 mix"" // (kei-transcended 7)",★7,EASY,Hard,AAA,4222,1985,252,22,6,21,570/2273,27,10,92.87
Homura [AKEMI],★9,EASY,Hard,AA,3524,1594,336,28,13,28,289/1985,41,2,88.77
Demystify Feast [NORMAL],★13,EASY,Hard,AA,4495,1996,503,79,20,37,864/2614,57,23,85.98
Jack-the-Ripper◆ [29Another],★7,EASY,Hard,AA,3159,1301,557,85,40,43,542/2000,67,13,78.97
白の魔法の光,★7,EASY,Hard,AAA,3528,1647,234,2,1,5,1869/1885,5,12,93.58
夢人形 -Extra dream-,★7,EASY,Hard,AA,3700,1546,608,60,20,33,355/2242,53,1,82.52
Danse de Romani [Professional],★7,EASY,Hard,AAA,3883,1783,317,19,2,16,810/2130,18,15,91.15
ting ting [XRATED],★7,EASY,Hard,AA,3141,1305,531,55,29,31,266/1929,60,1,81.42
Ereshkigal (ANOTHER),★7,EASY,Hard,AA,3931,1776,379,38,14,20,981/2219,34,23,88.58
どうか私を殺して下さい,★7,NORMAL,Hard,A,2758,1093,572,182,24,27,214/1878,51,1,73.43
dance in the dark [7key-EX],★7,NORMAL,Hard,AA,3171,1356,459,128,25,32,395/1975,57,1,80.28
Cosmic Raid [Extreme],★7,NORMAL,Hard,AAA,2705,1236,233,24,5,3,869/1499,8,4,90.23
marine snow,★7,NORMAL,Hard,A,2271,955,361,125,14,23,826/1461,37,9,77.72
Poppin' Shower -sugarless-,★17,EASY,Hard,AA,3807,1728,351,34,21,27,494/2145,48,9,88.74
先手必勝戦闘機　鳳 -上昇-,★8,EASY,Hard,AAA,2864,1306,252,17,4,15,459/1591,19,3,90.01
ロリキート [タイポグラフィ],★7,EASY,Hard,AA,3998,1698,602,39,16,33,432/2367,49,1,84.45
Another [transcend],★7,NORMAL,Hard,AA,4021,1672,677,118,10,27,449/2490,37,2,80.74
world devoid of you (fairydust radio edit // SP MANIAC),★7,NORMAL,Hard,AA,3285,1399,487,127,16,14,995/2032,30,1,80.83
心壊のアガルマトフィリア [F],★7,EASY,Hard,AAA,4214,1999,216,5,0,3,1657/2222,3,12,94.82
Moon phase Encounter (月面旅行),★7,NORMAL,Hard,AA,3547,1498,551,123,21,20,488/2204,41,1,80.47
銀の風 [7keyANOTHER+],★8,EASY,Hard,AAA,3338,1558,222,21,7,13,641/1814,17,5,92.01
Meteor Lights [JUDGMENT],★7,EASY,Hard,AA,3506,1556,394,28,9,21,404/1993,30,5,87.96
code : endymion [FRS Mk.1],★7,EASY,Hard,AA,3181,1362,457,51,18,28,521/1897,45,4,83.84
世界殺戮ブラッドローズ [ROSEBATTLER],★7,EASY,Hard,AAA,4605,2196,213,16,17,28,1311/2450,45,3,93.98
DEEP MARINE STRIKER -DEEP SINKER-,★7,NORMAL,Hard,A,3112,1283,546,176,25,54,494/2069,66,6,75.21
景色の境界 -EX-,★7,NORMAL,Hard,A,2052,833,386,117,18,20,340/1361,38,2,75.39
事象の地平 [F],★7,EASY,Hard,AA,3071,1258,555,52,13,33,412/1890,46,1,81.24
sola [Fi],★7,EASY,Hard,AA,3748,1627,494,45,17,37,331/2200,54,3,85.18
orbit （瑠野亜's edition） [MANIAC],★7,NORMAL,Hard,AAA,3407,1556,295,27,5,7,838/1884,12,6,90.42
紅染十三番街道,★7,EASY,Hard,AA,2680,1180,320,43,13,34,349/1570,47,3,85.35
am Ende -Wiedersehen-,★7,NORMAL,Hard,AA,3027,1282,463,151,15,31,285/1924,46,1,78.66
Pluto -Maniac7-,★7,NORMAL,Hard,AA,3089,1294,501,126,21,21,826/1948,42,7,79.29
P-ChicK-ParK(・◇・) [ANOTHER+],★7,NORMAL,Hard,AA,3565,1519,527,122,27,26,719/2204,53,8,80.88
Romancing Sa･Ga3 ラストバトル RockArrange (AFOTHER),★7,NORMAL,Hard,AA,5601,2324,953,272,31,31,844/3592,62,19,77.96
藍煉の人形 -EX-,★7,EASY,Hard,AA,2682,1133,416,45,6,18,573/1605,24,1,83.55
Neural Network [Append],★7,EASY,Hard,AA,3605,1453,699,90,20,53,375/2274,73,7,79.27
竹取はっぴー -AIRTHER-,★7,EASY,Hard,AAA,5723,2752,219,12,9,11,678/3000,20,54,95.38
orbit (7keyA mania of mania mix),★7,NORMAL,FC,AAA,3556,1640,276,35,0,1,1951/1951,1,3,91.13
At the edge of dreams (FIERCE),★7,EASY,Hard,AA,3384,1407,570,71,15,41,260/2080,56,1,81.35
Beyond The Alice (Phantasm7),★7,NORMAL,Hard,A,3543,1474,595,220,23,34,615/2324,57,3,76.23
witchcraft -EX7-,★7,NORMAL,Hard,AAA,2950,1419,112,3,5,11,575/1544,16,9,95.53
I believe -EX-,★7,NORMAL,Hard,AA,3718,1606,506,183,18,18,691/2319,36,17,80.16
Astrograph -damepo7-,★7,NORMAL,Hard,A,2780,1128,524,139,16,14,690/1810,30,5,76.8
DTD Emperor [ANOTHER],★7,NORMAL,Hard,AA,2364,1092,180,44,14,12,372/1338,26,13,88.34
Vlll -Lachesis- [Another],★7,NORMAL,Hard,AA,3373,1501,371,106,4,27,1204/1995,31,1,84.54
約束 -HappyHyperStarmiX- (AFOTHER),★8,EASY,Hard,AAA,5025,2345,335,9,3,10,1671/2697,13,2,93.16
ブクレシュティの人形師 -Hな人-,★8,EASY,Hard,AA,2996,1219,558,75,20,33,281/1884,53,3,79.51
The Formula [Rea'du],★10,EASY,Hard,AA,3400,1402,596,64,15,36,609/2092,51,3,81.26
"Red-rize ""B172 mix"" // 7keys ManiaQ",★8,EASY,Hard,AAA,4119,1975,169,4,1,4,884/2150,5,25,95.79
Air -AFOTHER-,★8,EASY,Hard,AA,4340,1810,720,63,16,30,665/2617,46,22,82.92
Bohemian Chic [SP INSANE],★8,EASY,Hard,AA,4011,1751,509,38,5,23,824/2315,28,3,86.63
桜華月 [7key Extra],★8,NORMAL,Hard,AA,3097,1296,505,122,13,15,803/1940,28,7,79.82
Angelic layer -Heavenly7-,★12,EASY,Hard,AA,4320,1842,636,89,21,30,768/2605,51,16,82.92
Milly Barll,★？,NORMAL,Hard,A,3111,1277,557,142,17,16,523/2000,33,6,77.78
Ophelia [HARD],★8,EASY,Hard,AAA,4081,1812,457,14,4,10,673/2292,14,7,89.03
Moonless Night (7KEY-MANIAC),★8,NORMAL,Hard,AA,2816,1275,266,54,10,9,438/1609,19,16,87.51
A c i - L - A,★9,EASY,Hard,AA,3902,1618,666,112,41,29,915/2452,42,18,79.57
滝行Lv28 [皆伝取りました],★13,EASY,Hard,AAA,5213,2368,477,26,11,23,875/2900,34,6,89.88
マジョリテへの憧れとミノリテの矜持,★8,EASY,Hard,AAA,4052,1971,110,3,10,17,492/2099,27,10,96.52
Bird Sprite -D.K.R. mix- (maniaq),★8,NORMAL,Hard,AA,3150,1299,552,142,24,21,399/2023,45,15,77.85
黒猫円舞曲 [7key_EXTREME],★12,EASY,Hard,AA,3327,1395,537,68,22,49,526/2036,71,11,81.7
彼岸帰航 -idling mix-,★8,NORMAL,Hard,A,3064,1270,524,175,18,31,363/1999,49,15,76.64
ミルキーベリー・スウィートタイム [Eb],★8,EASY,Hard,AA,3709,1584,541,39,14,36,436/2193,50,4,84.56
エピトゥリカの祀 [MANIAC],★8,NORMAL,Hard,A,3833,1606,621,189,43,36,369/2466,79,2,77.72
Under The Sunshine -ANOTHER7-,★8,HARD,Hard,AA,2365,994,377,90,15,8,428/1479,23,5,79.95
platinum garden -another7+-,★8,NORMAL,Hard,A,2528,989,550,151,16,30,345/1715,46,1,73.7
天上のポリスルイン [HARDEST],★8,EASY,Hard,AA,3324,1441,442,52,20,26,538/1963,46,2,84.67
白山比咩神 (ANOTHER),★8,EASY,Hard,AA,3049,1238,573,84,17,47,733/1916,60,6,79.57
ビッグブリッヂの死闘 -EX-,★8,EASY,Hard,AAA,3326,1569,188,5,5,9,1117/1768,14,7,94.06
樟葉(remix) [F],★8,EASY,Hard,AAA,3657,1697,263,16,11,32,917/2000,20,27,91.42
Angel dust [7key//Maniac],★10,EASY,Hard,AAA,4661,2154,353,36,9,17,663/2559,26,33,91.07
Y [F],★12,EASY,Hard,AAA,5145,2386,373,23,9,17,951/2800,26,10,91.88
SCARY BANQUET [BESESSENHEIT],★12,EASY,Hard,AAA,4047,1924,199,13,8,17,1141/2147,13,7,94.25
Infinite Galaxy [HARDEST],★11,EASY,Hard,AA,4366,1854,658,64,27,45,571/2610,48,3,83.64
Eisenschweif (SP Wahnsinnig),★8,EASY,Hard,AA,3361,1337,687,90,23,48,476/2144,71,9,78.38
BB BLOW -EX-,★11,EASY,Hard,AAA,4350,2046,258,23,3,8,1607/2335,11,8,93.15
Brain Analysis [7KEYS ANOTHER],★10,NORMAL,Hard,A,2099,861,377,144,19,33,424/1494,45,29,70.25
舞姫 ～buki～　 [7key AFOTHER],★8,EASY,Hard,AA,3346,1444,458,76,18,26,467/2005,44,1,83.44
Retroactive Rain (ANOTHER+),★8,EASY,Hard,AA,3497,1479,539,76,15,24,561/2116,39,2,82.63
carnot (EX),★8,EASY,Hard,AA,2841,1141,559,73,12,15,425/1791,27,2,79.31
PuppyMill (Another),★8,NORMAL,Hard,AA,3569,1562,445,88,17,11,675/2114,28,1,84.41
STEPPING WIND -Wake Full Style-,★8,NORMAL,Hard,AA,2362,998,366,58,15,43,309/1448,58,1,81.56
x-Aria -afother-,★8,NORMAL,Hard,A,4437,1735,967,296,53,65,607/3056,118,9,72.59
l'amour d'amour --- AFOTHER,★8,NORMAL,Hard,AA,3966,1676,614,182,25,35,282/2506,60,1,79.13
SEPIA -MANIAQ-,★8,NORMAL,Hard,A,2829,1152,525,198,24,22,356/1900,46,4,74.45
暁月～蒼い夢 夢うつつ (kuso edition),★8,EASY,Hard,AA,3460,1478,504,52,14,29,443/2056,43,1,84.14
妖晶零弐 -Ω-,★8,EASY,Hard,AAA,2948,1333,282,17,5,14,695/1641,19,2,89.82
Endless Dream -Maniac-,★8,EASY,Hard,AA,3930,1635,660,98,34,40,396/2435,74,3,80.7
"少女の檻 ""Last Night, Last Dancing.""",★8,NORMAL,FC,AAA,5096,2374,348,24,0,2,2747/2747,2,35,92.76
orbit -EX- (mania of mania mix),★8,NORMAL,Hard,AA,3492,1566,360,53,22,13,814/2008,35,30,86.95
Vorota [sLUNATIC],★8,NORMAL,Hard,AA,2233,976,281,67,9,19,497/1336,28,13,83.57
UnFaked phantOm [EXTRA],★8,EASY,Hard,AA,4343,1906,531,44,11,46,532/2510,57,17,86.51
Alicia [SP Black-A],★9,EASY,Hard,AA,2742,1114,514,50,24,28,420/1708,52,1,80.27
爆走中年 ～ENDLESS RUN～ (かっとべ♂マグナム),★14,EASY,Hard,AAA,5405,2510,385,28,19,27,702/2954,46,10,91.49
どうか私を殺して下さい [29Another],★12,EASY,Hard,AA,3321,1430,461,62,15,31,478/1982,46,6,83.78
Q [SAETHER],★12,EASY,Hard,AAA,4929,2323,283,20,8,18,799/2643,26,21,93.25
gravitronicⅡ,★12,NORMAL,Hard,AA,3366,1497,372,122,20,29,731/2029,44,23,82.95
恐鳥,★12,EASY,Hard,AA,4137,1849,439,27,15,29,446/2344,44,28,88.25
witchcraft -Ultima-,★21,EASY,Easy,AA,3650,1724,202,24,21,42,360/2130,147,32,85.68
KISS CANDY FLAVOR [HARDEST],★9,EASY,Hard,AA,4170,1843,484,33,7,42,759/2371,49,2,87.94
Noah's Ark (another7),★9,EASY,Hard,AA,3601,1486,629,77,23,32,484/2222,55,1,81.03
shooting_moon (Phantasm),★9,NORMAL,FC,AAA,3377,1596,185,19,2,2,1803/1803,4,10,93.65
S [ANOTHER],★9,EASY,Hard,AA,3639,1450,739,93,29,33,555/2323,63,3,78.33
BABYLON [7ANOTHER+],★9,NORMAL,Hard,AAA,3135,1447,241,25,5,9,638/1723,14,3,90.98
Fantasmagoria -隙間-,★10,EASY,Hard,AAA,4208,2003,202,7,1,5,1223/2216,6,53,94.95
kyrka [MANIAC],★17,EASY,Hard,AAA,2434,1136,162,23,3,8,807/1327,11,15,91.71
乙女ノススメ！ (Lovely),★13,EASY,Hard,AAA,5159,2344,471,31,9,24,469/2871,33,12,89.85
Pangaea [air mix],★9,NORMAL,Hard,A,4064,1674,716,241,26,36,694/2665,62,14,76.25
SIREN OF DAWN [Another+],★13,EASY,Hard,AA,2708,1078,552,78,14,34,375/1736,48,18,78.0
妹様は彼女なのだっ！,★13,EASY,Hard,AA,3771,1619,533,65,25,35,440/2253,60,22,83.69
E reviver -imaging you- (MANIAC),★9,EASY,Hard,AA,3096,1281,534,76,11,37,421/1914,48,2,80.88
Wild Clown (7key-SH),★9,NORMAL,Hard,AA,3141,1371,399,103,9,34,1314/1890,43,50,83.1
symbolic gear [fk7],★9,EASY,Hard,AA,2793,1224,345,37,20,28,484/1640,44,6,85.15
VALLISTA [SP-RX ANOTHER],★9,EASY,Hard,AA,2769,1097,575,56,8,32,815/1747,40,8,79.25
その斯くも美しき紅に,★9,EASY,Hard,AA,3485,1478,529,61,25,27,508/2100,52,4,82.98
幽雅に咲かせ、墨染の桜 [NORMAL],★15,EASY,Hard,AA,4199,1750,699,120,35,42,446/2611,77,48,80.41
にゃ [あずにゃざ→],★9,EASY,Hard,AA,2955,1390,175,14,7,26,490/1768,46,4,83.57
Party 4U (MANIAQ),★9,NORMAL,Hard,A,2735,1093,549,183,17,28,403/1849,45,5,73.96
DataErr0r [ZOI],★9,EASY,Hard,A,2764,1118,528,102,26,30,464/1783,56,3,77.51
Merry-Go-Round [El Dorado],★9,EASY,Hard,AA,3430,1555,320,29,26,28,433/1938,52,18,88.49
Bloody Malie -Ex-,★9,NORMAL,Hard,A,3150,1279,592,197,14,41,749/2099,55,15,75.04
After Burner [Departure],★9,EASY,Hard,AAA,4672,2106,460,27,9,54,501/2622,60,13,89.09
Castorpollux [MANIAQ],★9,EASY,Hard,AA,3467,1416,635,50,24,31,371/2136,55,4,81.16
Lucifer,★9,EASY,Hard,AA,2930,1239,452,49,20,27,366/1769,47,6,82.82
CO5M1C R4ILR0AD [ON3 M0RE 3XTR4],★9,EASY,Hard,AA,3581,1538,505,40,9,37,718/2106,46,3,85.02
スプラッシュコード－０６ [ANOTHER7],★9,NORMAL,Hard,A,2728,1164,400,157,30,24,554/1755,54,31,77.72
A BEAUTIFUL SKY -OB style- MANIAQ,★9,NORMAL,Hard,A,4237,1752,733,217,23,35,399/2730,58,17,77.6
Uncle Arabian (7-Extra),★9,NORMAL,Hard,AA,2776,1166,444,128,23,15,515/1764,38,14,78.68
ティアオイエツォン (Extra7),★9,NORMAL,Hard,AA,3120,1402,316,74,18,15,437/1814,33,20,86.0
Lunatic of the Full-Moon (EX7),★9,NORMAL,Hard,A,3501,1444,613,205,29,36,608/2303,65,5,76.01
Merry Christmas Mr.Lawrence,★10,NORMAL,Hard,AA,3702,1564,574,142,20,25,484/2310,45,3,80.13
ラス・リグ (---),★10,NORMAL,Hard,AAA,2363,1107,149,29,14,10,629/1303,23,29,90.68
"Little ""Sister"" Bitch",★10,EASY,Hard,AAA,4868,2268,332,54,25,23,934/2688,48,19,90.55
A c i - L - An...um...,★10,NORMAL,Hard,AA,4386,1854,678,197,25,25,551/2760,50,8,79.46
That's the style!! (MODEL PS7 OMHC inspire),★10,EASY,Hard,AA,3237,1361,515,87,24,30,595/2000,54,6,80.92
Ready to Go (^ω^),★10,NORMAL,Hard,AA,2517,1067,383,108,23,22,495/1587,45,3,79.3
Fate/fete (MANIAC),★10,EASY,Hard,A,2694,1051,592,71,14,37,413/1740,45,3,77.41
Cry-for BMS Mix- [7KEYS Maniac],★10,NORMAL,Hard,A,3350,1376,598,160,21,26,697/2162,47,12,77.47
Moonless Night (7KEY-MANIAC+),★10,NORMAL,Hard,A,2783,1150,483,149,26,33,325/1814,59,84,76.71
TIME LIMIT (bms edit) [7key 2052 fix],★10,EASY,Hard,AA,2890,1156,578,69,10,25,422/1824,35,4,79.22
aliceblue (Radio Edit) (SP EX++),★10,NORMAL,Hard,AA,3533,1496,541,150,22,33,547/2219,55,14,79.61
Ruins Ray (Assaultics),★10,EASY,Hard,AAA,3435,1565,305,37,15,17,484/1928,29,11,89.08
Imperishable Night 2006 [+2],★10,EASY,Hard,AA,4307,1841,625,84,40,50,463/2600,62,8,82.83
月と狼と砂糖菓子,★10,NORMAL,Hard,AAA,4243,1969,305,21,10,11,666/2311,21,12,91.8
性的猟奇的無意味 [7key_EX],★10,EASY,Hard,AA,4303,1779,745,72,20,53,825/2626,73,9,81.93
幽雅に咲かせ、墨染の桜 [NORMAL-],★10,EASY,Hard,AA,3898,1608,682,70,16,38,353/2395,54,5,81.38
L99 (BGA Remake) -EX-,★10,EASY,Hard,AA,4217,1817,583,68,12,44,451/2500,56,3,84.34
Pokemon battle imaging - No.3,★10,EASY,Hard,AAA,3191,1435,321,21,5,17,504/1788,22,17,89.23
Beatrice [MANIAC],★10,EASY,Hard,AA,2796,1141,514,58,13,47,314/1744,57,2,80.16
mytht lu cltte [29Another],★10,EASY,Hard,AA,3186,1303,580,53,13,25,518/1956,38,2,81.44
remote control⇒,★10,NORMAL,Hard,AA,3875,1674,527,144,30,41,371/2385,71,21,81.24
Time files [EX],★15,EASY,Hard,AA,3985,1587,811,110,19,38,481/2548,57,52,78.2
IKAROS [ODYSSEA],★16,EASY,Hard,AAA,4511,2112,287,28,12,17,606/2450,29,35,92.06
unquenchable,★21,EASY,Hard,AA,3153,1337,479,56,28,33,589/1928,44,26,81.77
アズアラス [Hell],★13,EASY,Hard,AA,3190,1298,594,82,20,30,494/2000,50,19,79.75
corneal,★13,EASY,Hard,AA,4270,1740,790,93,24,59,484/2659,71,4,80.29
Love & Justice [GOD],★24,EASY,Failed,B,3880,1470,940,353,177,94,177/3000,262,8,64.67
図書室のエルザ [FOX],★18,EASY,Hard,AAA,4534,2063,408,35,18,21,831/2537,31,120,89.36
Love & Justice [MANIAQ],★13,EASY,Hard,AA,3551,1403,745,74,18,24,256/2251,42,16,78.88
M-A (FOOLISH),★12,EASY,Hard,AA,3624,1492,640,62,22,39,399/2223,61,5,81.51
PopCoRian -EX-,★10,EASY,Hard,AA,3205,1369,467,39,8,23,465/1894,31,6,84.61
Imperishable Night 2006 for D,★17,EASY,Hard,AA,3733,1686,361,56,13,14,977/2120,27,33,88.04
星の器～STAR OF ANDROMEDA [ALITHER],★15,EASY,Hard,AA,5139,2256,627,79,32,30,841/3000,62,37,85.65
"REWD ""B159 mix"" // (kei-unmeasured 7)",★15,EASY,Hard,AA,4909,2245,419,32,31,22,553/2805,101,15,87.5
Healing smile [HappyHardcore Style edit] (EX7),★13,EASY,Hard,AA,2503,1056,391,75,29,21,396/1555,50,9,80.48
月時計　Last・Dial (MANIAC),★10,EASY,Hard,AAA,4064,1908,248,15,10,13,582/2187,23,4,92.91
to Firmament [F],★10,EASY,Hard,AA,3221,1311,599,62,19,41,613/2000,60,9,80.53
Halcyon [ANOTHER+],★10,EASY,Hard,AA,4126,1691,744,77,26,57,500/2555,83,21,80.74
夢、幻。 [7_cloudy],★10,EASY,Hard,AA,3189,1376,437,45,9,34,398/1878,43,3,84.9
Cryonix [F],★11,EASY,Hard,AA,3370,1455,460,53,12,50,548/2000,62,7,84.25
ナイト・オブ・ナイツ [HARDEST],★12,EASY,Hard,AA,6101,2684,733,64,19,51,475/3521,70,21,86.64
ＤＱⅢ　Battle -Hyper-,★13,NORMAL,Hard,A,2146,845,456,179,16,14,422/1501,30,20,71.49
Re*incarnacion [NEXT],★13,EASY,Hard,AAA,4152,1929,294,17,10,15,899/2257,25,4,91.98
ERIS [yumether],★13,EASY,Hard,AA,2807,1247,313,40,10,38,370/1619,48,8,86.69
スペクトラム -maniac-,★10,NORMAL,Hard,A,4472,1835,802,208,23,43,519/2878,66,1,77.69
Shooting Silver Bullet [EX],★10,EASY,Hard,AA,3632,1528,576,63,14,36,339/2200,50,4,82.55
真・千年女王 [yumether],★18,EASY,Hard,AAA,5369,2435,499,45,9,45,859/3000,54,39,89.48
AutumnBreeze for Expert,★18,NORMAL,Hard,AA,2914,1238,438,141,11,25,750/1840,36,7,79.18
Wasabi 暴君,★16,EASY,Hard,AA,3519,1469,581,67,21,39,446/2152,60,6,81.76
subconsciousness -KILL-,★19,EASY,Hard,AAA,5073,2427,219,19,38,26,531/2714,64,8,93.46
SAMBISTA -sarambista?-,★14,NORMAL,Hard,A,2263,948,367,126,22,31,744/1468,53,32,77.08
天空の城ヴェリエル [RUSH],★15,EASY,Hard,AA,3415,1408,599,44,13,30,440/2082,43,7,82.01
L9,★12,HARD,Hard,AA,2467,1074,319,83,24,19,393/1504,43,15,82.01
drivin'FTR [7keys EX],★10,NORMAL,Hard,AA,2997,1272,453,131,23,26,485/1884,49,3,79.54
Leviathan (SP HEXAEMERON+),★10,NORMAL,Hard,A,2890,1174,542,206,41,35,275/1968,76,1,73.42
SUPERNOVA [EX],★10,EASY,Hard,AA,3609,1549,511,85,27,33,550/2181,60,4,82.74
夏夜のノスタルジア (7KEY-MANIAC),★10,NORMAL,Hard,AA,2956,1242,472,151,24,26,336/1897,50,1,77.91
CHASER [EX],★10,EASY,Hard,AA,3710,1537,636,90,21,40,474/2295,61,5,80.83
dreamy traveler [NIGHTMARE7],★10,NORMAL,Hard,AA,3328,1397,534,118,19,29,408/2082,48,6,79.92
phyla (SABOTHER),★10,EASY,Hard,AA,3644,1529,586,80,35,28,500/2242,63,21,81.27
RISE AGAIN (ANOTHER),★10,EASY,Hard,AA,3015,1226,563,62,22,41,309/1893,63,12,79.64
Ultimate Weapon [F],★10,EASY,Hard,AAA,4087,1896,295,15,10,13,965/2222,23,16,91.97
Vlll -Lachesis-,★10,NORMAL,Hard,AA,3840,1643,554,141,17,29,512/2364,46,1,81.22
Vacant Between You and Me (FOOLISH),★10,EASY,Hard,AA,3772,1499,774,79,32,61,483/2393,93,1,78.81
Endless Journey [7key//End],★10,NORMAL,Hard,A,3002,1222,558,181,16,27,341/1983,43,2,75.69
Continent Storm [ANOTHER7],★10,NORMAL,Hard,A,2973,1200,573,132,20,34,667/1931,54,7,76.98
IRREPLACEBLE THINGS [NANATHER],★10,EASY,Hard,AA,2667,1130,407,68,18,29,545/1632,47,16,81.71
Snowdrop [nova],★10,EASY,Hard,AA,3480,1468,544,47,15,32,469/2085,47,2,83.45
Central Nucleus [HARDEST],★10,EASY,Hard,AA,3214,1285,644,86,24,40,443/2050,64,3,78.39
Unexpected rewind [Messiah],★10,NORMAL,Hard,AAA,4057,1948,161,7,10,6,1223/2127,16,10,95.37
Flowers (802 edit),★10,NORMAL,Hard,AA,3564,1533,498,122,19,19,831/2178,38,9,81.82
Granblaze 【Sympho】,★10,EASY,Hard,AA,3691,1519,653,61,23,26,412/2262,49,1,81.59
おジャ魔女でBANBAN！(Pop-mix) -Airther-,★17,EASY,Hard,AA,3760,1713,334,53,25,21,745/2135,46,47,88.06
恋わずらい -shiny party floor- GOD,★17,EASY,Hard,AA,4077,1770,537,65,8,30,875/2392,38,4,85.22
特効薬はカニピラフ (顰蹙),★16,EASY,Hard,AA,3875,1587,701,93,22,32,611/2419,54,19,80.1
自強號 -Monsther-,★24,EASY,Failed,A,4685,1926,833,340,158,63,415/3294,217,16,71.11
Ena (Radio edit) -vaca-,★11,NORMAL,Hard,AA,4232,1780,672,197,32,32,462/2685,64,12,78.81
撃墜-HELL AIR FORCE- [yumether],★16,EASY,Hard,AAA,4273,2041,191,21,5,30,564/2271,35,9,94.08
Aragami [天沼矛],★16,EASY,Hard,AA,3097,1271,555,84,19,26,518/1936,45,11,79.98
ヒメタイプ [F],★11,EASY,Hard,AAA,3958,1877,204,17,2,5,1411/2100,7,20,94.24
Ereshkigal (FOOLISH),★17,EASY,Hard,AA,4765,2095,575,109,26,61,442/2816,80,19,84.61
Toki (Sound piercer's Timesucker Remix) [Personality],★13,EASY,Hard,AAA,4174,1974,226,13,5,16,887/2222,16,17,93.92
Fairytale (Esimolp),★15,EASY,Hard,AAA,3877,1765,347,14,15,16,617/2150,31,13,90.16
Wizdomiot [ANOTHER],★15,EASY,Hard,AA,3977,1759,459,44,11,30,796/2288,41,18,86.91
先天性エゴサ依存症候群 [Hide],★15,EASY,Hard,AA,3158,1432,294,35,13,26,367/1789,39,34,88.26
BIAS (ふつう),★11,EASY,Hard,AA,2637,1126,385,39,14,18,447/1573,32,1,83.82
STARDUST CITY -- Maniac,★11,EASY,Hard,AA,3175,1368,439,82,15,22,372/1915,37,1,82.9
#74 -7Another+-,★11,NORMAL,Hard,AA,2675,1122,431,102,10,24,423/1669,34,2,80.14
Ophelia [INFELNO],★20,EASY,Easy,AA,4685,1963,759,165,79,63,511/2999,111,14,78.11
Merry Christmas Mr.DO,★？,NORMAL,Easy,A,2596,1084,428,224,73,37,617/1823,104,20,71.2
Into the sunset [ANOTHER],★？,NORMAL,Easy,C,1174,454,266,228,204,134,102/1200,305,7,48.92
Bird Sprite -Awakening of Light-,★12,EASY,Hard,AA,3742,1611,520,45,14,29,378/2199,43,1,85.08
Last! Least! Regrets!! (MANIAQ),★11,EASY,Hard,AA,3599,1520,559,56,28,48,663/2172,76,2,82.85
Quark [MANIAC],★16,NORMAL,Hard,AA,3881,1750,381,78,26,12,874/2238,38,34,86.71
Betelgeuse -orion7-,★11,EASY,Hard,AA,4683,1986,711,83,31,44,408/2821,75,1,83.0
zodiac -Extra-,★11,NORMAL,Hard,AA,4468,1991,486,81,36,35,515/2600,71,15,85.92
Trinity [Extra],★11,NORMAL,Hard,A,2401,953,495,140,25,25,587/1622,50,8,74.01
compressed eyes -くそみそテクニック-,★15,NORMAL,Hard,A,2910,1196,518,166,33,38,642/1925,68,8,75.58
Lambda Driver [ANOTHER+],★11,EASY,Hard,AAA,3857,1786,285,12,3,13,613/2094,14,7,92.1
B-T [7keys-maniac+],★11,EASY,Hard,AA,3645,1577,491,77,26,40,593/2183,57,11,83.49
Inherited World [INSANE],★17,EASY,Hard,AA,3830,1579,672,77,18,40,367/2363,58,10,81.04
BULLET HELL [EX],★11,EASY,Hard,AA,3382,1483,416,39,19,23,533/1967,42,14,85.97
F13 [END],★11,EASY,Hard,AA,3426,1437,552,66,16,49,498/2087,65,1,82.08
Meeting and Separation -Ex-,★11,EASY,Hard,AA,3387,1427,533,51,12,36,624/2032,48,1,83.34
旧地獄街道を行く ～反逆のパルスィ～ [MANIAC],★11,EASY,Hard,AAA,4387,2080,227,9,4,6,1035/2321,10,3,94.51
天叢雲剣 [Maniac],★11,EASY,Hard,AA,3388,1461,466,48,17,29,457/2000,46,1,84.7
Ravers Rave Anthem II [nova],★11,EASY,Hard,AA,3518,1517,484,48,16,28,293/2073,44,1,84.85
ClowN CrowN [sLunatic],★11,EASY,Hard,AA,3752,1609,534,51,19,42,446/2222,61,2,84.43
Sicilian Kiss [29Another],★11,EASY,Hard,AA,3821,1649,523,38,21,35,711/2240,56,1,85.29
Fly Again (bms edit) [Rea'du],★11,EASY,Hard,AA,3762,1576,610,58,28,43,310/2288,71,7,82.21
Lasting Dream (FOOLISH),★11,EASY,Hard,AA,3192,1339,514,67,22,33,324/1949,55,1,81.89
contact force sense(remix) [F],★11,EASY,Hard,AA,3230,1317,596,54,19,38,302/2000,57,2,80.75
Wind -whirlpool-,★11,EASY,Hard,AA,3165,1310,545,72,18,47,417/1956,65,1,80.9
Maharaja Trance -(‘皿‘)-,★11,NORMAL,Hard,A,2750,1101,548,182,25,31,398/1906,49,7,72.14
analog sky (Another7),★11,NORMAL,Hard,AA,2981,1227,527,134,23,23,723/1915,46,1,77.83
Stargazer [流星雨が降る夜に],★11,EASY,Hard,AAA,4258,2113,32,0,2,4,1531/2150,6,19,99.02
Alastor [MANIAC7],★11,NORMAL,Hard,AA,5031,2154,723,142,16,21,1101/3047,37,7,82.56
スーパーイザナギオブジェクト [Li],★11,EASY,Hard,AAA,4080,1912,256,17,6,18,731/2200,24,12,92.73
TEN,★11,EASY,Hard,AA,4737,2096,545,66,16,57,606/2739,73,7,86.47
斬 -名刀斗璃流（糞七）v1.1-,★11,EASY,Hard,AA,4576,1980,616,87,20,44,601/2715,64,8,84.27
退屈シンクアロング [発汗],★11,EASY,Hard,AA,4215,1738,739,64,14,41,410/2568,55,9,82.07
Welcome To The Electronic World!! [SGVsbG8sIHdvcmxkIQ==],★16,EASY,Hard,AA,3564,1572,420,36,14,21,1117/2046,35,28,87.1
We are the xxxx,★17,EASY,Hard,AAA,5025,2321,383,33,18,17,731/2764,35,52,90.9
Party 4U (EXTREME),★13,NORMAL,Hard,A,3203,1346,511,164,32,23,318/2060,55,11,77.74
Evangelize (Radio Edit) (SP ミラクル),★12,EASY,Hard,AA,3946,1665,616,53,17,22,626/2362,39,1,83.53
Gamegame (bms edit plus+),★14,EASY,Hard,AA,4129,1807,515,43,19,56,597/2389,75,14,86.42
ATHAZA [INSANE],★18,EASY,Hard,AA,4979,2026,927,116,23,48,576/3114,71,3,79.95
Dreadnought [Fragarach],★18,EASY,Hard,AA,3873,1678,517,53,27,39,422/2284,66,15,84.79
Lemuria [Tyrfing],★19,EASY,Hard,AA,4710,2091,528,50,19,37,565/2700,56,9,87.22
H.S : Hadron Strike [7Keys - Another],★12,EASY,Hard,AAA,4172,1908,356,18,8,8,997/2290,16,4,91.09
Cynthia -with moon light- (7-MANIAQ),★12,EASY,Hard,AA,3167,1389,389,36,19,25,643/1840,44,7,86.06
Platinum [sANOTHER],★14,EASY,Hard,AA,2767,1130,507,99,16,20,545/1759,36,9,78.65
キメラ,★12,NORMAL,Hard,AA,3456,1438,580,141,24,30,334/2192,54,6,78.83
Mirage Imitation [超音速 時間旅行],★12,EASY,Hard,AA,3659,1622,415,32,11,41,461/2092,52,2,87.45
Eclipse -Luna- (7-ultimate kusofumen),★12,EASY,Hard,AA,2294,987,320,49,20,29,321/1384,38,7,82.88
mom [sorry.],★14,EASY,Hard,AA,3643,1598,447,25,7,12,676/2080,19,29,87.57
LUNASA the Stormcauser [MANIAC7],★15,EASY,Hard,AA,4529,1938,653,92,37,31,466/2738,68,10,82.71
LivedaM (death),★17,EASY,Hard,AA,3181,1373,435,73,21,39,483/1908,60,22,83.36
オトゲラヴ！ -発狂END-,★18,EASY,Hard,AA,4485,2027,431,56,21,33,569/2550,54,40,87.94
Dandelion Sparkle!! -ふわふわ-,★19,EASY,Hard,AAA,4305,1962,381,32,20,28,603/2408,48,17,89.39
Blue-White Crazybits [ANOTHER],★19,EASY,Hard,AA,3640,1624,392,23,8,23,532/2059,31,21,88.39
FIONA [Hi],★19,EASY,Hard,AA,3593,1507,579,76,37,44,375/2216,55,18,81.07
End Time -to the death-,★19,EASY,Easy,A,2716,1090,536,148,49,144,562/1939,110,28,70.04
44river [nox],★21,EASY,Easy,AA,4958,2034,890,99,41,46,1127/3093,87,21,80.15
The Lady Is A Trump [ANOTHER+],★21,EASY,Easy,A,3860,1504,852,153,51,84,623/2601,135,15,74.2
SunnyShinyRing -For Expert-,★21,EASY,Easy,AA,3892,1672,548,116,50,42,359/2405,89,21,80.91
水晶世界 ～Fracture～ [yumether],★20,EASY,Hard,AA,4454,1987,480,45,33,26,584/2596,76,26,85.79
GOODTEK [SA],★18,EASY,Hard,AA,3763,1598,567,81,17,18,681/2269,35,35,82.92
ZEUS,★21,NORMAL,Hard,AA,3195,1369,457,143,27,14,819/2000,41,7,79.88
あめふりこねこ [29Another],★21,EASY,Easy,AA,3820,1588,644,72,23,66,249/2359,89,7,80.97
ZENITHALIZE [i],★21,EASY,Easy,A,4151,1630,891,178,75,62,633/2800,137,29,74.12
Plastic Mind -狂気の人形師-,★21,EASY,Easy,AA,4668,2007,654,76,23,33,586/2820,104,24,82.77
アズール <鬼畜>,★17,EASY,Hard,AA,2909,1318,273,45,18,31,870/1660,49,17,87.62
Lewisia,★20,EASY,Hard,AAA,4122,1877,368,35,15,21,651/2305,36,60,89.41
彼女の言い分 -ﾋﾟｺﾋﾟｺedit- [INFELNO],★20,EASY,Hard,AA,3860,1606,648,74,24,27,377/2372,51,22,81.37
現実をカットアップしてみた [Realism],★20,EASY,Hard,AAA,4319,2080,159,36,8,41,445/2302,49,14,93.81
Blacksphere [Black Hole],★20,EASY,Easy,A,3658,1500,658,160,57,69,471/2400,126,15,76.21
Revenger [(^^)EXTRA],★21,EASY,Easy,A,2555,981,593,126,29,93,305/1800,122,6,70.97
Cynic (THE another),★22,NORMAL,Easy,A,3595,1438,719,358,72,67,390/2618,139,7,68.66
conflict [INFELNO],★19,EASY,Hard,AA,5091,2260,571,68,41,36,622/2956,62,11,86.11
banana man [HIMUTHER],★20,EASY,Easy,AA,4420,1805,810,91,21,41,554/2749,65,28,80.39
あなた -EX-,★20,EASY,Easy,A,5168,2029,1110,174,86,72,572/3434,158,35,75.25
RAY,★22,EASY,Easy,AA,2601,1086,429,54,28,40,612/1615,59,11,80.53
四十五年ノ雪桜 [EX],★22,NORMAL,Easy,AA,3291,1471,349,93,36,23,425/1961,56,29,83.91
白狼,★17,EASY,Hard,AA,3904,1694,516,44,13,40,576/2285,53,21,85.43
Xecus - X -,★17,EASY,Hard,AAA,4274,1975,324,25,13,16,918/2345,29,37,91.13
G.N. [H],★17,NORMAL,Hard,AA,3583,1509,565,195,17,35,728/2299,52,3,77.93
Endeavor -ALITHER-,★18,EASY,Hard,AA,4241,1857,527,68,35,23,648/2500,58,23,84.82
ピアノ観賞曲欠番「神姫」 (KF),★19,NORMAL,Easy,AA,2807,1241,325,106,37,24,565/1724,61,24,81.41
la noche (MANIAQ),★17,NORMAL,Hard,AA,4952,2111,730,217,32,31,537/3105,63,13,79.74
Showguts (吉凶相交),★18,NORMAL,Hard,AA,3562,1588,386,98,27,23,261/2105,50,7,84.61
volcanic,★18,EASY,Hard,AA,6113,2706,701,103,40,32,602/3570,72,27,85.62
午後のこいしちゃん [Philosophy7],★18,EASY,Hard,AAA,4708,2252,204,31,14,26,745/2514,40,6,93.64
"織姫(Independent from God, Everlasting love remix) [VEGA]",★19,EASY,Hard,AA,4416,1899,618,66,25,29,630/2621,54,20,84.24
H.S : Hadron Strike,★19,EASY,Hard,AA,4850,2144,562,61,19,24,506/2794,43,7,86.79
恋の2-4-11(BMS Edit) -ケッコンカッコカリ-,★20,EASY,Easy,AA,5514,2341,832,140,81,48,709/3424,129,23,80.52
点、線、面、立体 多胞体,★19,EASY,Hard,AAA,4031,1919,193,34,18,48,321/2241,78,8,89.94
Kreuz [Jesus†Christus],★18,EASY,Hard,AA,4394,1980,434,44,23,21,426/2490,44,37,88.23
kyrka [MEISTER],★22,EASY,Easy,AA,2494,1080,334,61,14,43,421/1506,57,18,82.8
モリオンの姫 [yumether],★20,EASY,Hard,AA,5137,2248,641,81,25,26,844/3004,51,15,85.5
日溜りの街－あ！－ (EXTREME),★16,EASY,Hard,AA,3666,1562,542,44,18,38,335/2182,56,22,84.01
* Crow Solace * [85%],★18,EASY,Hard,AA,4185,1763,659,70,24,29,503/2526,53,15,82.84
スプラッシュコード－０６ [MANIAC7],★18,NORMAL,Hard,AA,3475,1502,471,142,34,24,501/2157,58,47,80.55
Ruriko FINAL (LUNATIC),★20,NORMAL,Easy,A,4991,2114,763,266,93,80,379/3266,173,34,76.41
Magus Logos [HARD],★18,EASY,Hard,AA,3627,1570,487,86,18,44,448/2175,62,3,83.38
東の国のFLYING PAPARAZZI！ -IR-,★18,NORMAL,Hard,AA,4287,1827,633,135,24,26,878/2629,50,17,81.53
P.S : Plasma Strike - GOD -,★19,EASY,Hard,AA,4847,2126,595,94,40,31,617/2860,71,21,84.74
SIREN OF DAWN (MANIAC),★17,EASY,Hard,AA,4052,1769,514,75,33,35,704/2400,60,37,84.42
gazer [MANIAQ],★17,EASY,Hard,AAA,4063,1873,317,35,8,40,890/2256,48,11,90.05
SPARKLiNG F!ZZ [カシスオレンジ],★17,EASY,Hard,AA,4394,1916,562,66,23,31,491/2577,54,23,85.25
亡き皇女の為のセプテット [NORMAL],★17,EASY,Hard,AA,4264,1761,742,111,28,60,483/2659,88,4,80.18
遠い春を告げるあの娘の足音 [feather],★18,EASY,Hard,AAA,5671,2723,225,17,22,30,605/3000,52,14,94.52
macaron (Amaretti+),★18,EASY,Hard,AA,2711,1191,329,71,29,16,303/1624,45,7,83.47
稲田姫様に叱られるから　 (BEGINNER),★19,EASY,Easy,A,3063,1213,637,111,62,45,335/2042,107,65,75.0
稲田姫様ご乱心 <bms edit> -Lunatic7-,★20,EASY,Hard,AA,3244,1462,320,76,17,8,470/1880,25,11,86.28
ひつぎとふたご [7KEY/LUNATIC],★20,EASY,Easy,A,4340,1726,888,115,41,75,572/2800,116,42,77.5
Metatron [YHWH],★12,EASY,Hard,AA,3598,1563,472,44,15,27,377/2100,42,19,85.67
Whiteout [&],★18,EASY,Hard,AA,4341,1870,601,77,35,44,455/2600,58,9,83.48
白と臙脂のオモチャバコ [DELAY],★13,EASY,Hard,AA,3022,1350,322,33,13,21,637/1729,34,3,87.39
Name of oath [SP EX],★12,EASY,Hard,AA,4563,1951,661,47,11,25,411/2678,36,1,85.19
硬核機動 -Assault X-,★20,EASY,Hard,AA,5059,2194,671,96,18,44,561/3000,62,33,84.32
おにコア,★12,EASY,Hard,AA,4550,2042,466,26,20,24,587/2562,44,3,88.8
Amphisbaena [Fallen Heavens],★18,EASY,Hard,AA,4116,1859,398,51,25,33,579/2345,58,13,87.76
SUPERNOVA -vaca-,★18,EASY,Hard,AA,4712,2028,656,102,41,41,563/2852,69,30,82.61
res extensa [Monsther],★21,EASY,Easy,AA,5520,2363,794,112,76,45,591/3369,121,23,81.92
dimension block ＾＾,★18,EASY,Hard,AA,3884,1685,514,96,28,39,634/2332,67,34,83.28
パネルでポン/フレアのテーマ [皿],★17,NORMAL,Hard,A,2016,851,314,128,23,16,303/1322,39,11,76.25
shooting_moon (*R*),★18,EASY,Hard,AA,4707,2062,583,50,19,29,599/2726,48,53,86.34
BLAZE YOUR SOUL [SP INSANE],★13,EASY,Hard,AAA,3506,1583,340,21,7,12,718/1955,19,2,89.67
アイーシャの剣-Forcing breakthrough- [X-sword],★13,EASY,Hard,AA,4005,1710,585,50,21,32,330/2380,53,3,84.14
Alien Artifact [Append],★12,EASY,Hard,AA,3308,1340,628,97,23,40,482/2103,63,33,78.65
Legend of Seeker [HARDEST],★15,EASY,Hard,AA,4368,1756,856,91,32,35,620/2750,67,9,79.42
冥界帰航 -ALITHER-,★18,EASY,Hard,AA,4711,1988,735,55,14,27,437/2813,41,25,83.74
Ancient Memory (Extra),★12,EASY,Hard,AAA,5421,2490,441,44,18,33,660/3000,51,8,90.35
Quad Queens [ANOTHER],★12,EASY,Hard,AA,3804,1621,562,65,19,33,402/2283,52,3,83.31
sensitive (MANIAQ),★12,EASY,Hard,AA,4331,1860,611,50,30,30,586/2564,58,23,84.46
Borderline -F⇔M remix- [female],★12,EASY,Hard,AAA,4549,2061,427,41,10,25,467/2555,35,22,89.02
迦具土 -REVENGER EX-,★12,NORMAL,Hard,AA,3602,1585,432,76,27,28,518/2130,51,5,84.55
Beyond the Lightning -King's tragedy- [yumether],★12,EASY,Hard,AA,3884,1741,402,28,19,45,356/2202,64,3,88.19
Born [29Another],★16,EASY,Hard,AA,3124,1362,400,93,18,18,571/1882,36,12,83.0
FREEDOM DiVE [GALAXY],★17,EASY,Hard,AA,4710,1989,732,67,18,52,471/2829,70,25,83.24
Pursuit Of Outer Space MX,★12,EASY,Hard,AA,4350,1871,608,81,24,44,452/2600,68,3,83.65
Mirage Garden [ANOTHER+],★12,EASY,Hard,AA,4132,1749,634,52,21,53,806/2469,74,13,83.68
エナジーストリーム(Never Understand Remix) [ANOTHER],★12,EASY,Hard,AA,3377,1410,557,68,17,37,375/2068,54,2,81.65
Happy☆mooN (MANIAC),★12,EASY,Hard,AA,3604,1568,468,41,10,13,492/2091,23,7,86.18
Alt Futur [Fieber],★12,EASY,Hard,AA,3774,1651,472,66,26,56,483/2222,82,8,84.92
クロートーと星の観測者 [MANIAC],★13,EASY,Hard,AAA,3971,1844,283,11,22,44,493/2173,66,3,91.37
Say A Vengeance [INFERNO],★21,EASY,Hard,AA,4955,2215,525,58,33,28,595/2847,61,52,87.02
コケシネコ☆クライシス [7KEYS RUNOTHER],★13,EASY,Hard,AA,3237,1339,559,69,17,44,170/2000,61,1,80.92
Angel dust [7key//Maniac+],★18,EASY,Hard,AA,4995,2198,599,92,32,27,439/2930,59,3,85.24
Astish Carmine -EX-,★18,EASY,Hard,AA,3182,1318,546,96,15,25,322/1985,40,10,80.15
Aqua Regia Squall [F],★12,EASY,Hard,AA,3384,1399,586,97,32,45,477/2121,77,1,79.77
MIGHTY OBSTACLE -FANTASTIC7-,★12,NORMAL,Hard,A,4231,1712,807,196,22,38,600/2756,60,3,76.76
絵空事の世界と私　 [SABOTHER],★12,EASY,Hard,AAA,4994,2335,324,31,16,22,704/2715,38,14,91.97
彼岸帰航 -idling mix-,★12,NORMAL,Hard,AA,3733,1545,643,132,19,42,321/2359,61,4,79.12
The Lamia 170 [Requiem],★14,EASY,Hard,AA,3355,1473,409,26,20,45,352/1937,65,3,86.6
FUXXING YOUR BRAIN -Mind Blast-,★19,EASY,Hard,AA,3984,1718,548,69,26,23,438/2371,49,21,84.02
Retroactive Rain (MANIAC),★18,EASY,Hard,AA,4147,1844,459,40,12,22,907/2366,34,16,87.64
千年女王 [ANOTHER],★19,EASY,Hard,AA,3918,1673,572,66,22,22,672/2345,44,15,83.54
黯,★13,EASY,Hard,AA,3305,1404,497,70,30,32,896/2006,62,96,82.38
Angel Wing [FELITHER],★13,EASY,Hard,AAA,3702,1757,188,27,12,32,460/2000,44,12,92.55
Soul of Deep-sea Fish [RUSH],★13,EASY,Hard,AA,3610,1542,526,57,17,47,465/2152,64,1,83.88
myste`re [悪魔城],★13,NORMAL,Hard,AA,3792,1683,426,108,28,26,344/2251,54,1,84.23
horizon ＾＾ω＾＾,★13,EASY,Hard,AAA,4371,2027,317,49,12,35,625/2415,47,29,90.5
Schur's Theorem [Linear Algebra],★13,EASY,Hard,AA,3371,1438,495,41,18,29,267/2000,47,1,84.28
Baby Baby Frenzy [TRICK or TREAT],★13,EASY,Hard,AA,3926,1690,546,37,16,33,750/2300,49,1,85.35
Endkraft [On the verge of death],★13,EASY,Hard,AA,3783,1650,483,62,19,35,433/2222,54,1,85.13
CLOCKTOWER (Big Ben),★13,EASY,Hard,AA,3945,1756,433,44,33,40,427/2274,73,1,86.74
Mercury Prayer [Bless],★13,EASY,Hard,AA,3560,1580,400,38,21,23,317/2048,44,1,86.91
ELECTRiCiTY [7_voltage],★13,EASY,Hard,AA,3589,1547,495,50,20,26,756/2124,46,2,84.49
Fatal Pulse [breath],★14,EASY,Hard,AA,2441,1060,321,30,12,20,518/1427,32,6,85.53
new earth [terra nova],★21,EASY,Easy,AA,3967,1684,599,125,48,98,292/2497,146,7,79.44
エーデルワイス [HARDEST],★14,EASY,Hard,AA,3897,1669,559,68,16,41,584/2321,57,6,83.95
Extinction and reproduction [SP kusofumen],★13,EASY,Hard,AA,3882,1575,732,99,30,46,456/2453,76,28,79.13
BLACKOUT -Side Story- [ANOTHER+],★13,EASY,Hard,AA,3903,1672,559,83,20,32,348/2348,52,8,83.11
Endymion [Selene],★15,NORMAL,Hard,AA,3600,1523,554,140,24,31,702/2250,53,37,80.0
snowflake -exquisite 2008- another,★15,EASY,Hard,AA,2172,958,256,43,6,31,477/1275,37,7,85.18
旧地獄街道を行く ～反逆のパルスィ～ [妬まスィ],★13,EASY,Hard,AAA,5218,2377,464,44,11,17,1266/2902,28,6,89.9
Leonids,★13,EASY,Hard,AA,3478,1509,460,57,14,33,754/2054,47,40,84.66
OAA-γ [HELL],★13,NORMAL,Hard,AA,4680,1998,684,192,25,26,530/2912,51,20,80.36
AVALON [IIDX],★13,EASY,Hard,AA,3356,1451,454,68,25,32,638/2008,57,8,83.57
Synth Stream (RUNOTHER7),★13,EASY,Hard,AAA,4746,2148,450,36,16,22,521/2660,38,5,89.21
Incoherent -reminiscent of squad-,★13,NORMAL,Hard,AA,2276,1013,250,49,24,18,506/1337,42,7,85.12
A BEAUTIFUL SKY -OB style- GOD,★13,NORMAL,Hard,A,4555,1839,877,303,41,29,682/3065,70,23,74.31
"少女の檻 ""Last Night, Last Dancing.""",★13,NORMAL,Hard,AAA,5901,2708,485,61,14,16,1105/3273,30,7,90.15
beyond the limit -EROTIC7-,★13,NORMAL,Hard,AA,4715,2018,679,148,21,22,694/2870,43,20,82.14
Crystal Wind [UV],★14,EASY,Hard,AA,3075,1351,373,44,26,28,693/1860,51,10,82.66
ハイパーミラクルシューティングスター,★15,EASY,Hard,AAA,5021,2347,327,15,16,29,611/2715,45,5,92.47
VALLISTA [Rhodes7],★19,EASY,Hard,AA,3490,1544,402,57,18,20,781/2029,38,11,86.0
Galaxy in Toybox [HARDEST],★14,EASY,Hard,AA,3737,1660,417,43,8,17,475/2138,25,1,87.39
Xecus [Extream],★14,EASY,Hard,AA,3865,1660,545,56,19,25,651/2294,44,1,84.24
Utopiangela (Cartoon Channel 203),★14,EASY,Hard,AAA,4222,1919,384,36,25,34,512/2372,59,16,89.0
INFINITE BEATS [S+J],★14,EASY,Hard,AA,4749,1951,847,88,25,48,299/2925,73,1,81.18
Fate/fete (MANIAC+),★14,EASY,Hard,AA,3203,1374,455,59,27,32,298/1920,59,5,83.41
堕楽の園 [EXTASIM],★14,EASY,Hard,AA,4767,2066,635,56,24,43,558/2795,67,3,85.28
Cinderella Cage -Trancecore Mix- [transient],★14,EASY,Hard,AA,3788,1613,562,70,16,31,739/2281,45,2,83.03
Tsukuyomi [INSANE7],★18,EASY,Hard,AA,4115,1808,499,63,27,29,605/2404,56,18,85.59
約束 -HappyHyperStarmiX- (MANIAQ),★18,EASY,Hard,AA,5984,2698,588,48,32,35,695/3385,67,5,88.39
Heterochromia Iridis [HARDEST],★19,EASY,Hard,AA,4353,1830,693,52,24,36,545/2619,60,8,83.1
白の魔法の光 -magiclight7-,★19,EASY,Hard,AA,4464,1954,556,40,17,23,803/2582,40,69,86.44
奏龍ピアソラ [T.Instinct],★19,EASY,Hard,AAA,3664,1709,246,28,24,28,909/2012,52,17,91.05
Satori ～3rd EyEs -EXTRA-,★19,EASY,Hard,AA,5641,2466,709,82,34,31,529/3310,65,11,85.21
ephemera (FOOLISH),★19,EASY,Hard,AA,5457,2475,507,70,22,41,568/3095,61,5,88.16
resta del tramonto,★19,EASY,Hard,AA,4114,1763,588,85,24,52,303/2473,76,3,83.18
gradation (MANIAQ),★14,EASY,Hard,AAA,4058,1864,330,17,7,19,823/2229,26,70,91.03
E reviver -imaging you- (MANIAC+),★14,EASY,Hard,AA,3493,1515,463,49,19,22,626/2055,41,1,84.99
上海紅茶館 (LUNATIC),★14,NORMAL,Hard,A,2819,1152,515,180,27,20,307/1883,47,11,74.85
幸せなマリアへ -ベアトランスMix-_SPanother_ex,★14,EASY,Hard,AA,3866,1666,534,71,21,34,447/2301,55,11,84.01
MooN -SP NIGHTMARE-,★21,EASY,Easy,AA,4268,1823,622,99,69,41,378/2635,99,6,80.99
The ArcticLight,★14,EASY,Hard,AA,4188,1848,492,77,22,26,637/2450,48,1,85.47
The SunLight [U],★14,EASY,Hard,AA,3391,1451,489,70,19,26,460/2034,45,1,83.36
platinum garden -maniac-,★14,NORMAL,Hard,AA,2884,1196,492,143,16,25,414/1851,41,1,77.9
far in the blue sky... [29Another],★14,EASY,Hard,AA,5201,2300,601,86,27,44,685/3030,57,4,85.83
G e n g a o z o [29Another],★14,EASY,Hard,AA,5440,2328,784,45,8,29,703/3177,37,1,85.62
紅い月夜に花の乱 [8分咲き],★14,EASY,Hard,AAA,3898,1792,314,29,12,18,471/2153,30,1,90.52
★SweeT DiscoverY★ (MANIAQ),★14,NORMAL,Hard,AA,5014,2164,686,148,29,31,715/3037,60,6,82.55
Last! Least! Regrets!! (GOD),★14,EASY,Hard,AA,4098,1737,624,69,34,34,283/2476,68,2,82.75
芥川龍之介の河童　～Candid Friend [NORMAL],★14,NORMAL,Hard,AAA,4325,2059,207,30,20,9,699/2320,29,21,93.21
eth剣 [ 7Key_Clover ],★14,EASY,Hard,AA,3828,1587,654,92,20,36,430/2368,56,3,80.83
electric butterfly [yumether],★19,EASY,Hard,AA,5137,2144,849,67,22,42,638/3098,64,12,82.91
Evangelize (Radio Edit) (SP FRIDAY),★19,EASY,Hard,AA,4416,1846,724,95,20,35,809/2700,55,32,81.78
妖晶零弐 -ω-,★19,EASY,Hard,AAA,3780,1715,350,26,15,18,616/2114,33,33,89.4
Hypertext Transfer Protocol (SP WOONATHER),★19,EASY,Hard,AA,4488,2021,446,74,30,37,788/2580,67,12,86.98
紅染十三番街道,★19,EASY,Hard,AA,3235,1477,281,39,25,20,499/1828,45,9,88.48
Wild Clown (7key-SA),★19,NORMAL,Hard,A,3581,1533,515,234,18,28,969/2309,46,16,77.54
おにコア [如月],★19,EASY,Hard,AA,6175,2771,633,52,39,32,609/3509,71,31,87.99
gravitronicⅢ,★19,NORMAL,Hard,AA,3699,1582,535,146,16,38,611/2308,38,18,80.13
☆ twinklesky ☆ _16 MANIAQ,★19,EASY,Hard,AAA,4816,2185,446,39,22,29,560/2703,51,24,89.09
U.N.Owen ～戯れしは狂妹か？～ [abolish19],★19,EASY,Hard,AA,4475,1936,603,86,26,37,361/2668,63,34,83.86
EXILE [EX],★19,EASY,Hard,AA,5809,2530,749,66,29,25,902/3387,54,49,85.75
sunlit power stone [kusofumen],★19,EASY,Hard,AA,4579,1972,635,49,28,28,640/2690,56,9,85.11
G.N. [A],★24,EASY,Easy,AA,4114,1695,724,133,47,76,583/2626,123,3,78.33
KRAKEN [Clover],★16,EASY,Hard,AA,4375,1958,459,62,38,35,459/2524,73,3,86.67
桜花撩乱 [Monsther+],★19,EASY,Hard,AA,3448,1526,396,49,31,25,353/2007,56,9,85.9
N - flat waves -,★19,EASY,Hard,AA,3952,1755,442,55,28,27,620/2285,55,16,86.48
hypocrite,★20,EASY,Easy,AA,4774,2015,744,114,34,43,535/2921,77,18,81.72
銀の風,★20,EASY,Hard,AAA,4543,2088,367,32,19,18,926/2512,37,10,90.43
乙女ノススメ！ (EX),★20,EASY,Easy,AA,5341,2408,525,92,26,35,747/3263,140,133,81.84
Ruins Ray (KF),★20,EASY,Hard,AA,2878,1266,346,55,17,13,708/1693,30,8,85.0
aballava (Clover?),★20,EASY,Hard,AA,3402,1424,554,93,28,32,403/2106,60,15,80.77
Air -GOD-,★20,EASY,Hard,AA,5759,2495,769,102,30,33,562/3414,63,84,84.34
CHRISTMAS EVE [Another+],★20,EASY,Hard,AA,3854,1667,520,59,21,29,500/2274,50,9,84.74
Complex path (bms edit -madness-),★20,EASY,Easy,AA,3055,1278,499,80,22,33,315/1919,82,16,79.6
ERIS [BIFROST],★20,EASY,Easy,AA,3701,1584,533,112,31,90,486/2291,121,10,80.77
Cold Breath (Another++),★20,EASY,Easy,AA,3798,1687,424,53,31,28,458/2355,110,12,80.64
L9DM [FUC],★20,NORMAL,Easy,A,2656,1063,530,276,57,65,428/1955,122,7,67.93
Lamir (KF7),★20,EASY,Easy,AA,4046,1846,354,56,27,33,517/2504,110,4,80.79
LOVE☆BEAM (orange summer mix) -ALITHER-,★20,EASY,Hard,AA,4649,2046,557,66,18,19,1062/2698,37,20,86.16
Messier 333 (EX7),★20,NORMAL,Easy,A,5458,2311,836,268,83,41,689/3516,124,18,77.62
MirroR -Miracle version-,★20,NORMAL,Hard,AA,3052,1302,448,127,25,24,878/1905,49,20,80.1
Rewinding Sound Wave -sugarless-,★20,EASY,Hard,AA,4597,2019,559,57,22,29,887/2672,51,23,86.02
Yakumo >>JOINT STRUGGLE -EXTRA-,★20,EASY,Hard,AA,5826,2649,528,106,26,24,653/3320,50,8,87.74
ＤＱⅢ　Battle -Another-,★20,NORMAL,Hard,A,2614,1026,562,170,19,20,575/1789,32,62,73.06
ピアノ狂騒曲第壱番「滅宴」 (KF7),★20,EASY,Easy,AA,4741,2083,575,62,27,46,586/2772,73,13,85.52
モノリスの園 [FRIDAY],★20,EASY,Easy,AA,3804,1575,654,97,47,57,354/2399,104,4,79.28
英雄 ～氷の妖精のお話～ [INFELNO],★20,EASY,Hard,AA,6376,2831,714,76,33,27,703/3667,60,22,86.94
弦月の猫 [EX],★20,EASY,Hard,AA,7042,2972,1098,77,35,33,573/4200,68,12,83.83
煌舞姫ベアトリクス [INFERNO],★20,EASY,Hard,AAA,5042,2354,334,23,30,46,327/2756,76,18,91.47
絶対的共依存 -Codependence-,★21,EASY,Easy,AA,4178,1848,482,70,38,36,1202/2451,71,7,85.23
NO NIGHT MORE SOUL! [HARDEST],★17,EASY,Hard,AAA,4634,2094,446,25,16,23,539/2590,39,4,89.46
"ROTTELER'S HOME ""seven bottakuri edit""",★15,EASY,Hard,AA,4524,2006,512,75,27,40,313/2632,67,1,85.94
Lepontinia -THE LAST PLANET-,★15,EASY,Hard,AA,3979,1774,431,34,13,26,615/2268,39,2,87.72
Vantablack {color: #000000;},★15,EASY,Hard,AA,4175,1847,481,44,16,37,398/2400,53,1,86.98
天 [J],★15,EASY,Hard,AAA,4424,2035,354,20,27,29,387/2444,56,1,90.51
蓄積×フラストレーション  [縦連×オブストラクション],★21,NORMAL,Hard,AA,4317,1876,565,140,19,30,438/2612,49,15,82.64
3.14 (TT mix) [yumether],★22,EASY,Easy,A,3540,1480,580,119,61,67,434/2280,115,30,77.63
紫陽花の忘れ物 [Poison],★15,EASY,Hard,AA,3332,1386,560,86,25,33,296/2068,58,4,80.56
りりくろ！ [Randomize],★15,EASY,Hard,AAA,6037,2767,503,67,20,37,823/3377,57,29,89.38
りりりくろ！！ [Abusive],★15,EASY,Hard,AA,5589,2391,807,90,19,62,384/3333,81,6,83.84
夏影-summer lights- [HI-Speed Edition],★15,EASY,Hard,AA,5496,2417,662,43,25,38,538/3159,63,10,86.99
事象の地平  [事件の展開],★15,EASY,Hard,AA,3829,1682,465,42,22,29,682/2222,51,7,86.16
L9 -落とし穴 final edition-,★15,EASY,Hard,AA,2972,1295,382,67,14,35,526/1767,49,15,84.1
Ophelia [HARDEST],★16,EASY,Hard,AA,4277,1798,681,88,29,41,632/2611,70,22,81.9
Endless Dream [29Another],★15,EASY,Hard,AA,4414,1885,644,76,29,31,553/2643,60,12,83.5
CHMR -Automata-,★21,EASY,Easy,AA,3422,1461,500,83,34,30,348/2100,64,18,81.48
Black Lotus [PING],★22,EASY,Clear,A,4203,1712,779,124,56,67,189/2712,123,11,77.49
Odin [グングニル],★15,EASY,Hard,AA,5345,2315,715,147,30,42,868/3221,72,13,82.97
ε-δ (FOOLISH),★15,EASY,Hard,AA,5248,2335,578,57,15,50,972/3000,65,9,87.47
OAA-γ [HEAVEN],★15,NORMAL,Hard,AA,4995,2156,683,164,22,22,687/3034,44,23,82.32
Fastraffic [7key EXTREME],★15,EASY,Hard,AA,3893,1667,559,86,15,32,1178/2344,47,12,83.04
JUNGLEFEVER (Kattobi Remix) [BIOGORILLA7],★15,NORMAL,Hard,AA,3138,1332,474,141,26,26,452/1987,52,9,78.96
Last Selection [MONDE],★15,EASY,Hard,AA,3935,1698,539,46,18,29,411/2313,47,2,85.06
Valhalla [EX],★15,EASY,Hard,AA,4999,2104,791,79,30,60,506/3009,90,1,83.07
Grisaille -Labyrinth-,★15,EASY,Hard,AA,4244,1851,542,69,27,48,530/2500,75,9,84.88
Creamy Sky [BRIGHT],★16,EASY,Hard,AA,3350,1445,460,67,18,23,365/2000,41,9,83.75
多重極展開 [yumether],★22,EASY,Easy,AA,4610,1958,694,136,72,81,492/2900,137,4,79.48
Doppelganger [Hi],★23,EASY,Failed,A,4942,1994,954,179,83,118,310/3267,201,18,75.64
カラフル・サウンズ・カッター (EX),★21,EASY,Easy,AA,5677,2510,657,99,31,64,573/3333,95,9,85.16
lest (FUNERAL),★21,EASY,Easy,AA,3360,1392,576,119,35,76,799/2148,111,12,78.21
Tuk Tuk Boshi -LAST BOSS-,★22,EASY,Easy,AA,4031,1734,563,67,39,58,638/2424,97,16,83.15
Altale [Mirage],★22,EASY,Failed,AA,4329,1922,485,92,45,51,545/2572,87,31,84.16
Moon-gate [DELAYMASTER],★21,EASY,Hard,AA,4123,1663,797,121,31,42,647/2628,73,40,78.44
キミとボクへの葬送歌 [Maybe kill],★24,EASY,Failed,A,4878,1919,1040,226,91,79,316/3327,170,26,73.31
The lost (FUNERAL),★23,EASY,Failed,AA,4069,1775,519,91,42,62,440/2448,79,12,83.11
Wizdomiot [INFERNO],★23,EASY,Failed,A,4304,1781,742,174,112,67,552/2851,177,19,75.48
兎は舞い降りた [HARD],★16,EASY,Hard,AA,3790,1661,468,59,27,53,417/2222,80,8,85.28
Z -Another7-,★16,EASY,Hard,AA,3152,1242,668,60,15,42,921/2000,57,5,78.8
undefined [EX],★16,EASY,Hard,AA,3532,1446,640,49,13,30,414/2188,51,11,80.71
ホーリーサンバランド -LAST BOSS-,★24,EASY,Failed,A,5742,2230,1282,299,141,130,166/4000,271,2,71.78
theme of Maia [29Another],★22,EASY,Easy,AA,3918,1734,450,82,35,84,337/2342,119,7,83.65
Hay FEVER [G],★22,EASY,Easy,A,4443,1787,869,176,77,94,255/2953,171,10,75.23
Ultimate Weapon [βφ],★22,EASY,Easy,AA,4874,2103,668,143,57,50,418/3000,107,6,81.23
Under The Sunshine -LUNATIC-,★22,HARD,Failed,A,3151,1312,527,212,51,22,627/2113,73,13,74.56
GaRaKuTic Dream (garbage),★21,EASY,Easy,AA,3560,1494,572,102,53,46,325/2257,99,12,78.87
Imperishable Night 2006 for D+,★23,EASY,Easy,AA,4486,1954,578,111,53,46,844/2721,87,5,82.43
Aragami [ULTIMATE BEAM],★23,EASY,Failed,A,3725,1550,625,128,65,49,372/2400,114,18,77.6
アズール リミックス <MANIAC>,★23,NORMAL,Easy,A,3469,1446,577,241,60,84,350/2370,144,8,73.19
Bicolor Spirit [BLACK or WHITE?],★16,EASY,Hard,AA,3771,1616,539,56,24,23,674/2244,47,11,84.02
A c i - L - G O D,★16,EASY,Hard,AA,5857,2586,685,139,58,33,463/3477,91,11,84.22
The Destructive Genesis -ALITHER-,★17,EASY,Hard,AA,4793,2066,661,105,29,34,491/2870,63,3,83.5
うみいろ、そらいろ。 -nonsensical-,★16,EASY,Hard,AA,3798,1652,494,49,16,22,665/2222,38,13,85.46
5.1.1(ReMix) [GoD],★16,NORMAL,Hard,AA,4073,1774,525,110,29,15,552/2444,44,37,83.33
flowers,★16,NORMAL,Hard,AA,3122,1375,372,70,21,15,873/1845,36,99,84.61
Sicilian Kiss (dead end mix),★16,EASY,Hard,AA,4076,1807,462,53,27,41,708/2370,58,13,85.99
わがままプリンセス [禁じられた遊び],★16,EASY,Hard,AAA,5559,2625,309,23,29,25,672/3000,45,17,92.65
going on -spring wind- [29Another],★16,EASY,Hard,AA,4228,1789,650,79,20,42,468/2549,62,2,82.93
人形裁判　～ 人の形弄びし少女 -3rd stage-,★16,EASY,Hard,AA,5754,2454,846,104,29,49,804/3442,78,15,83.59
チョウの標本 [Maniac7],★16,NORMAL,Hard,AA,3208,1359,490,155,24,14,682/2031,38,10,78.98
夢人形 -SP MANIAC-,★16,EASY,Hard,AA,4121,1769,583,87,23,23,447/2472,46,20,83.35
Quickening 2 the RED -Sephirothic-,★16,EASY,Hard,AA,4513,1969,575,62,22,30,772/2631,52,7,85.77
TYR [Quartet],★16,EASY,Hard,AA,4358,1948,462,37,19,27,462/2480,46,9,87.86
Forceful Beat [ANOTHER],★23,EASY,Easy,A,2727,1066,595,172,59,96,304/1919,155,3,71.05
Schwerkraft [すごそうな譜面],★23,EASY,Failed,A,3946,1519,908,184,64,91,291/2730,155,4,72.27
AutumnBreeze (kei-unmeansured),★23,NORMAL,Easy,A,3289,1322,645,212,50,45,295/2249,93,3,73.12
dreamin' -happycore version - [INFERNO],★22,EASY,Easy,AA,4120,1713,694,138,79,47,457/2648,126,38,77.79
絶対チェックメイト領域 -LiALIZE-,★17,EASY,Hard,AA,3849,1730,389,50,16,42,512/2193,58,3,87.76
煉獄-Purgatorium- [ANOTHER],★23,EASY,Easy,AA,5277,2272,733,115,42,61,599/3195,103,11,82.58
pumpkin man [>w<],★17,NORMAL,Hard,AA,3743,1670,403,140,33,30,353/2256,63,6,82.96
Planisphere [ANOTHER+],★17,EASY,Hard,AA,3997,1762,473,28,16,19,1009/2287,35,17,87.39
Meaning of Existence [OVERHEAT],★17,EASY,Hard,AA,4323,1946,431,30,9,45,459/2435,54,1,88.77
Ancient Memory (Phantasm),★17,EASY,Hard,AA,5468,2438,592,74,31,35,583/3148,63,14,86.85
Empress of Raizze [QUANDARY7],★17,NORMAL,Hard,A,3690,1510,670,194,41,28,333/2422,69,35,76.18
Extreme Z4 (Aggressive HC mix) [yumether],★17,EASY,Hard,AA,4616,1961,694,85,27,39,711/2780,66,10,83.02
白山比咩神 (FOOLISH),★17,EASY,Hard,AA,4058,1653,752,87,16,53,371/2522,69,8,80.45
Baby Baby Frenzy,★21,EASY,Easy,AA,3703,1543,617,113,43,68,489/2349,111,6,78.82
天空の城ヴェリエル [SABOTHER],★22,EASY,Easy,A,4717,1865,987,148,69,96,397/3131,150,10,75.33
失望Choco (・ω・),★21,EASY,Easy,A,4036,1620,796,112,42,71,331/2610,113,21,77.32
わがままプリンセス [DX],★21,EASY,Easy,AA,6027,2685,657,106,76,63,760/3554,115,13,84.79
Skull & Witch [黒色破壊光線],★21,EASY,Easy,AA,3791,1623,545,80,49,79,233/2344,128,2,80.87
トココ21 [funny],★21,EASY,Easy,A,4522,1815,892,170,45,48,456/2943,93,16,76.83
Love & Justice [EXTREME],★21,EASY,Easy,A,4042,1647,748,130,62,81,263/2646,143,16,76.38
"Little ""Sister"" Bitch",★22,EASY,Easy,A,4299,1748,803,201,73,102,248/2874,175,5,74.79
Happico Happico -mundanity-,★22,EASY,Easy,AA,4061,1685,691,71,39,56,453/2517,91,20,80.67
サンバランド -LAST BOSS-,★23,EASY,Failed,A,5212,2017,1178,249,93,135,188/3600,228,6,72.39
永劫の沙漏 -Permanent+-,★21,EASY,Easy,A,3902,1543,816,157,68,84,314/2613,152,14,74.67
FREEDOM DiVE [UNIVERSE],★23,EASY,Easy,A,4940,1961,1018,252,109,107,208/3410,216,5,72.43
Lucifuge Rofocale (^ω^),★21,EASY,Easy,AA,4103,1708,687,120,59,64,317/2607,118,5,78.69
Little Wizard -imaginary satellite-,★21,EASY,Easy,AA,3985,1677,631,130,68,62,400/2552,130,3,78.08
Lasting Dream (KOOKY),★21,EASY,Easy,AA,4220,1749,722,141,46,45,345/2676,91,8,78.85
亡き皇女の為のセプテット -IR-,★23,NORMAL,Failed,AA,4314,1853,608,187,35,45,434/2748,77,14,78.49
★LittlE HearTs★ (GOD),★23,EASY,Failed,A,4674,1937,800,210,85,52,574/3073,137,29,76.05
"%E3%83%96%E3%83%B3%E3%82%BF%E3%83%B3 〜Falling in ""B"" mix〜 (EXPERT)",★23,EASY,Failed,A,2951,1220,511,118,66,59,336/1944,120,7,75.9
ハイパーミラクルシューティングスター [Perseus],★23,EASY,Failed,AA,5409,2335,739,129,74,80,697/3323,154,8,81.39
Synthesized Fortress -伝説から神話へ-,★21,EASY,Easy,AA,4874,1979,916,144,56,65,458/3114,121,10,78.26
iterated [INFINITE],★21,EASY,Easy,AA,4341,1914,513,72,49,46,577/2577,95,10,84.23
Ascension to Heaven -maniaxi-,★21,EASY,Easy,A,4082,1497,1088,225,75,98,198/2959,173,2,68.98
exists Uniquely [GOD],★21,EASY,Hard,AA,6355,2742,871,106,46,41,500/3776,87,9,84.15
Artificial Rose [INFERNO],★21,EASY,Hard,AA,5577,2466,645,114,48,37,484/3281,85,9,84.99
Singing of Night birds [HEAVEN],★21,EASY,Easy,AA,5270,2246,778,135,54,67,235/3243,121,1,81.25
175bpm,★22,NORMAL,Hard,AA,3124,1359,406,165,34,12,694/1966,46,6,79.45
The Lamia 170 [INFELNO],★22,EASY,Hard,AA,4543,2005,533,53,23,31,906/2628,44,31,86.43
YATA (超地獄級),★23,EASY,Failed,A,3363,1398,567,179,72,74,429/2234,126,9,75.27
M-A (KOOKY),★23,EASY,Failed,AA,4389,1910,569,104,26,44,543/2624,70,7,83.63
PEACE BREAKER [BREAKER],★24,EASY,Failed,A,4364,1710,944,183,94,92,215/3143,307,1,69.42
Auston (7hakkyooi),★23,EASY,Failed,A,4646,1835,976,217,112,83,448/3184,195,3,72.96
myste`re　 -LAST BOSS-,★22,EASY,Easy,AA,4354,1795,764,120,49,61,348/2763,110,3,78.79
紅染十三番街道,★22,EASY,Easy,AA,3425,1531,363,70,27,36,476/2007,63,5,85.33
Tears of the Sunrise [No Future],★22,EASY,Easy,AA,4811,2071,669,94,53,36,518/2907,89,10,82.75
Apollo -Mare Tranquillitatis-,★22,NORMAL,Easy,AA,4836,2069,698,197,49,44,386/3028,93,12,79.85
ロッカー -Ex-,★22,EASY,Failed,AA,6100,2656,788,128,66,69,303/3680,135,8,82.88
At the edge of dreams (KEN),★22,EASY,Easy,AA,5152,2190,772,91,54,79,321/3152,133,5,81.73
Grayed Out -Antifront- [stLOng],★22,EASY,Easy,AA,4242,1833,576,187,70,69,283/2700,139,9,78.56
FREEDOM DiVE [FOUR DIMENSIONS],★25,EASY,Failed,C,4680,1526,1628,857,400,142,175/4522,542,4,51.75
High-Priestess [ANOTHER],★25,EASY,Failed,A,5199,2006,1187,339,156,174,540/3784,330,3,68.7
ダークサンバランド -LAST BOSS-,★24,EASY,Failed,A,4460,1686,1088,300,81,87,304/3200,168,4,69.69
Angel dust -Abyss-,★24,EASY,Failed,B,4720,1690,1340,461,235,106,176/3786,341,3,62.33
ephemera (KOOKY),★24,EASY,Failed,A,6174,2558,1058,233,92,163,518/4034,249,4,76.52
P.S : Plasma Strike - LAST BOSS -,★24,NORMAL,Failed,B,4025,1612,801,448,119,94,267/3020,213,3,66.64
G e n g a o z o - f o o n,★24,NORMAL,Failed,E,2656,1029,598,327,99,62,236/5000,3070,3,26.56
幽雅に咲かせ、墨染の桜 [NORMAL+],★23,EASY,Failed,A,4659,1828,1003,343,113,96,471/3333,209,2,69.89
Total Eclipse of the Sun -Fatal MirroR-,★23,EASY,Failed,AA,5625,2407,811,176,64,143,430/3520,198,5,79.9
orion ring -EXTRA-,★23,EASY,Failed,A,4997,1917,1163,412,185,89,299/3725,274,6,67.07
Chronomia [pass],★23,EASY,Failed,A,5079,2123,833,178,103,127,399/3304,222,12,76.86
Blue-White Crazybits [WC],★23,EASY,Failed,A,4377,1835,707,193,83,103,215/2862,153,5,76.47
人形裁判　〜 人の形弄びし少女 -EXTRA-,★23,EASY,Easy,AA,6162,2601,960,194,64,66,728/3838,130,5,80.28
Alastor [full density],★23,NORMAL,Easy,A,6151,2521,1109,401,73,70,544/4135,143,6,74.38
L9 -落とし穴 Revolutions-,★23,EASY,Failed,A,3402,1386,630,199,62,74,546/2306,136,10,73.76
Joker [EX],★23,EASY,Failed,A,5055,2130,795,206,124,78,336/3308,202,3,76.41
